EMALE01_Cflag_c017B	EMALE01_Cflag_c017B_0012	88.7	617	62	8	9328	11160	1	616	5.7e-273	932.6	21110	5M1D36M1D1\11M1\28M1/17M1/25M1\53M1\45M1D1M1\6M1/34M1D2M1/134M1/16M1\2M1D43M1\56M1D1\15M1/21M1D1\53M1I6M	MSKFTNLNKDKVVLIGSSKYRFLTEDNLKVGADLGNVAYQYNRSVSATSGGSGKLLSGTVVFKASMGSGMVTSVPRLECRLPVESFEAAAAGDKPWQAFAAE*LDGKVGLACYPYAKVISSGTVKFDSRGQGITSRPSQNYQVIVNSMDPYKLALATDAPGVDQYSKYEISSINNPLASGSNYIDQMYKARGFGCNYKVEASNGVNGEAAGEGGVPEATKAKVTLTFVWSVDAIPLDHPCQYRDVGNAQPFYNLDDIEFTLDIKNIFENCFACEGHTYNSTTGTYTGTGYTAKAVEDGVLHKFLYQLWKPSFKLTVPKQLAYASTQVDLAFDGKPVDVDAGATVQFTNDVDLRLSQVPKMFAVMVNRPSKPGQPLTRLPIQKISIDTAGTNDLLNNAHQDDLYAISSKNG*SVLRYASFVAASSSSAFVPLNNDAAIGCGSIFYVKPSDMGLQDTIIGGSLQTFNFKVRVNVKSGVSTASEKCALQIFAMYDAVCVADETEGYNMNRVSIGDMGAIDAKVVNMVDDSSKMNHRVIGGNFWGDLWSGIKTNIATSQLFKKAVRLGRNNLPYVVSDFARDGTTLGNVASAMGYGAKGKAKASRAKPXXXXXXKAKGGDIYRVGGGEHTEADLD	5-NILKNQKRDPKGV8GR7RK2VA10-R\-11\-11TS3HT6GC2TP1DE/-7RDQKAP7/-IL5HL18\-36*S16\-40PT1STYFEV-W1\-YD5/-SP33-C1DG/-STQY8AG29LP2IL58RP26*S1QK2/-LS8NA6\-FVDP-L22ND7EQ12\-10*QSI1*AAM1HD14IR21QK2-H\-3CGLN1*WAGVD6/-1VI3KQ3EK11-V\-19VGGA11RX4SX11*G3E-1KE4
EMALE01_Cflag_c017B	EMALE01_Cflag_c017B_0005	74.2	675	140	11	1817	3818	3	648	4.7e-227	780.0	21110	11M1/11M1/15M1/29M1\2M1I11M1\36M1/21M22I1\19M1/8M1I13M1/2M1I10M1\8M2I15M1/32M1\13M1D11M1I20M1/24M1/45M1/31M1D1\6M1/19M1/22M1/45M1/9M1\41M1I1/18M1/8M1/25M1\18M2D4M1\2M1D37M	QTTSEIFSLKLPLNSYLQKVTSDMNDKNLVNAKEYIRKYSFFPTTKGIFFYNGEPDSRHFELIQMKNLTRTRYISNDLKAYKI*ETDEREGADGTVITKTKKRLCFDAIKFMQSTAFLQNHKYLVTINPHIFSRTFKKDDMDLYLNMMKPRLHQPHKVKKFDPTYPEDVKKGVNVMLNHIRIVWQANDQESMYNYMIRNWLSCTIMGRKLRTLLYLQSTERATGKSIVIDFIQKYVLGPHTTHVTSSLEEIDKWITKPLEGRMLVNFNELPCAGMNQWRGIMDALKSLVTEQYFSVTQRYLCDSYSQRNTFNIIVTSNNNAINVSCVNNHARIVSADVSEARLGDLGYFTEFKKQISRSDVGEAFFAYMKEIHFETTGKFFNCDMKPTTESMRDKIASNLPSYV*DFIKANSFIKEKVDIENTTDDFYTDYTNVYCSEQKLRPLKKAMLGTHLKCKLGITKVRRLVSGERFHYYVANYKDLLSLFTKKLWIHDTDDIDDEMDDKHESDLEQKKLSVMTXXXXXXXXXXXXXXXXXXXXXXXXXXLVSDINEYEKVLVKTEREHYENACNRIMDVVESLNKNKLNKEKEDLIQTVTDVNETPEIEKRGVDDGLDDDDAFDMIGSDDEPETAPNTDKKSDETQEEEQVCKKLMSQMKKKKRVKRTKVNDFTFNL	EQATST1VE1LFCS3/-PL1CSCY5RSED/-1GD8*Y4/-13AE15\-DTLRI-QYLI9\-18MR1SC3MIQK8PQ1/-SK7QH1CFDSARLTSF1RKND3*-N-M-F-H-T-S-W-*-Q-S-R-V-*-K-N-S-P-*-T-F-E-\-18ED/-5LVRKRKS-5IL7/-2R-ND1NEHS6\-DN7V-A-1QRTKKLNR1FLYLIY1KQ4/-ST5*ITD3*K7IT12\-ST12-E1KP1HA1LMRN1MWQRSG*-EILM*DCA16/-LC3TS7*I4CN3*NCVES/-1QN4LI15SFLTKEIF17SKNE/-1YFKEQTPT11MT3GRHD9-V\-6/-LF7DE10/-HN11QK2KM6/-MK32VL10KE/-5PSED2\-7KXDXIXRXKXHXEXGXGXKXKXKXLXMXEXQXKXIXGX*XKXTXKXNXDXEX8N-/-RK17/-YD7/-11KT10KE2\-18-E-P1LTKA1\-2-KEKNS16LM2XKXKXR6TN1LF1NFDN1
EMALE01_Cflag_c017B	EMALE01_Cflag_c017B_0018	89.3	540	47	10	15507	17100	9	545	7.3e-220	756.1	21110	32M1D30M1/5M1/7M1\1M2D9M1I12M1D7M1\11M1/15M1/35M1D1\60M1I1M1/16M1\45M1\1M1D33M1\19M1/23M1/7M1D1M1/2M1/6M1\55M1/10M1D14M1\9M1I1/56M1\7M	EAYRRQAARNESHQNRLAQKIQQEEQIKQALAEQKRKDDIILDTEFEDINRRRRKARVDTMFRRSILSRLAIDGLDEKKDLKIVTTSLRQIKEMALGEEASDEVISQIRRGATKNLLRRSHTSFGFTKKERTAFEDDLKKEISIITDIKNEKPEDFVRRIKLLEPSAVEDLGEDEDLKMLAVHLGIDPSLDSKSLFDEVRKSERLNTFLNRYATYDQRVERIAKQLFNQVLNATPTSTDIDRLLRNNSIPKLSVGADAIDIRTQRRGRKAKRFRTIVMPVMRQRVVHAIEAQNAPSTTPLPPEDVLTSGSLDRAKATAWLKNKISKDKTLLDGQRVSFALTVVPAMSDDEMKQRIISFYSIPVIGDKFLKGDVFANDDTE*LINAFVNDVKEGQLTPSDM*ARLYNSVYSGERFSAREAKARIGHIAQLTEIPEAFRENLTHERGMIQFLSNAKRLAGGEIFDQLDNAELKRIAEKTDLDLK*DINNLKSLVARSGAKLISSKDNDLLIAIRDAIDNGLHLPSQAMIASSGGLPPRKLDFSGVPTKSPTKKRRPTKA	DETA26VQ3-EHQTK28/-ES3TR/-7\-1-D-L2IV6N-QIRKKE7KS1-E1LI5\-6*RIRTS1IT/-1RGLF12/-13LP21-E\-ML1KM14PS11YN18HQDLCFSN4VA3S-1/-16\-45\-1-E19MK8VD4\-LF14KQ1SI1/-10VF3VD6MTRE/-1MI5-D1/-2/-TL5\-NA2FY6VE8EA5GA29/-10-ARE13\-8AVR-/-56\-7
EMALE01_Cflag_c017B	EMALE01_Cflag_c017B_0020	82.1	513	77	11	17571	19063	1	512	1.7e-192	665.2	21110	35M1D34M1D11M1/9M1/1M1/6M1/42M2D27M3D17M1D1M1\16M1\24M1/2M1/6M1/5M1/13M1/8M2D1M1\5M1D1\16M1/8M1D3M1\15M1D34M1\15M1/21M1D1\48M1\11M1I1/64M	MSISNITRENNFDLYCRNMTISNELIFDDATIAGDVTAHNVTADVSLNGKSVQLSGEELSPGDEMYQAVRLDKDTPLVFDVNHTDTNTWSPAFILSFYGEEMNVDRSLYFYGGNQAGNQKVTDWQKECSMKINDNVVVQNGNLVLFQSPTPSTLAQRTTEKTISFNYGDDGLDGGQTCNIGMVGDSASGVQGNIIIFRCQNDNSVPPSTLSENTMRIKGPKVGILTDDPQDDLHVNGGGLRKATTAWFVDDHCQSVVGNTGTNQLSVVGSFNMPTTNLSRAKFRSPFSASVTEAGQLCIEAGTMDAGGDRAGWGAIHTWNGYLDGTTNGYHRISDTKKIWQMKCDQRPANDSFILSTITPTDPLNPQISIEWINCDGDRNMILMNELMFLDAIPELPLVRPTSDNTHIDLGYSSFRWKDVYAGNGTIQTSDETMKNSIVSLSEDKGLSYINKLRPGVSFKFNDGGVRINHSGFIAQEVEAVMTELGDVDGTNNATVIKSTVEVDDPEYVAEEGHELDPVPQVEKNSLRIKIY	7TRVE6*C9SI9-VSTPA*HDN1NTCA*DCVLS23GR-L*D1TDRT5EV1/-PTLDITLN5/-1/-6/-19PTKD15PQ4LV-L-FKQMS12NK6MGMD1*GMLGD-G-G-QVTSC3VM11-I1\-12NT2DE\-20RH3/-2/-6/-1YDYDYH1/-13/-8-N-LCS\-5-P\-16/-ND4SR1RG-W3\-9IT3RH1-ITSED20CS4AT1QP3HQ\-3CW11/-1VEFL18-T\-21KT4IM21\-4YF1ED1RG2K-/-8DELVKECAYVEMRTSE2IDLVTDEGQTSN40
EMALE01_Cflag_c017B	EMALE01_Cflag_c017B_0007	88.7	408	41	5	4286	5490	1	406	9.6e-180	622.9	21110	7M1/7M1/2M1/21M1/11M1/9M1/12M1\13M1/19M1/9M1D9M1D20M1\5M1\6M1/1M1I20M1D1M1\62M1/7M1I48M1/32M1/17M1/54M1/11M	MFIVYYF*SKKLNKY*VTSYNGESIAMTKLRPRGMYLMSPTFNATHEGLKEYMHAKLKTDQR*EISGMLPDDVDLPPYIKFQSHRVAKLCLCLNKLLPKKYQRKKGEGFWLDICPRVKKEEGIWLNGCYNAGLTYAEKGTYKKVSAYDYNISYYSRSILGGCKHGGFKIPMCEPRFEIIKELPRQIPLYGVYRAKITYDGPDDIQKVFAFSSNNFYTHIDLKNAHGLSLKRFPSLKIELIDDDTPNAMIYMDDLIMAKDIFGHWFETLSEIKEKTKGNHLIKQMMNIWGFICEKSVVVKKIPWSEIRQTWSHEKSLQYDMYPLDGMMGDDPIFTCIYLGINPFRTSMGRIKPFLQATHARDRIAQMVRKSSIYDNIIRIYYDGLISKKPIEVYEKGVGHSMKYDKYHGHDITTIRSKIDIEIHK	7/-LS5MY/-2/-FY14TM4SP/-HF1GA8/-9/-LE11\-3MK9/-VL3EK5DYHQ1RK5/-9-E9-N20\-1SY3\-VI5/-AGQ-16PL3-ISP\-9HY52/-YD6I-6LF2FLVSRE12HQ2KNPIFW17MI/-EQ4DEQK25/-HN9QKAPLF4/-TA10GS12VG29/-YI10
EMALE01_Cflag_c017B	EMALE01_Cflag_c017B_0008	81.8	352	56	8	6533	5500	3	352	3.8e-136	478.0	21110	31M1\22M1I1/24M1D5M1D17M1/12M1\12M1/21M1D7M1D8M1D42M1I34M1/12M1/23M1D1\20M1/20M1/34M	KDKKRNLNDILKDLDVSQEVIDYAKPPKVPKTKFTSVRQNTFPMEDHSFMADLLSFLPTTSEGYRYLLVVVDLWSREFDIEPLKNKQPQTVLDAFKSMIQRPH*LNFPKASIQTDQLGSEFKGIFHNYMLFGKNIYHKFTNVGRKTQMSTVESLNRTLGYLLNRYMASEEQKSGYEFKEWVKALPIIRKELNAIRKLPNGDPFKRRKIVVPIKDSKFKKGDIVHWALDAPETFTERKLNDGRFREVGDRRWSRSAVKVIDQVLSYNSDVIPYRYLINNNSYASIYTADQLRLAKNQKIERFAVRIDIIDARGRGKTREYLVWWSDFFPKDQSTWEPKDQLIKDGLEAYIDRLDKRRKAKK	13DL3RQNE11NK\-HK12VD2IF1PA3C-/-2IP2LS14IR1LFHD-I*E4-KTQTPSQ14/-11HQ\-YG5LI3NYIM/-8LF9AS2-EPS1HN4-YILSL*N2LM2-EKETQ1NSVG8HASL3PR10KN10IVAPR-LI1TDHSQKVFQK5QHRW7IF12/-12/-23-S\-4HQ*LGR5RK7/-20/-11AD4HD3GA13
EMALE01_Cflag_c017B	EMALE01_Cflag_c017B_0013	85.3	348	41	6	12284	11254	1	342	1.5e-135	476.1	21110	8M1D1\53M1/7M1D1M1\28M1/15M1\8M1\11M1D1\51M1D17M1\15M1I1M1/12M5I4M1/12M1/17M1/5M1/5M1/45M1\23M	MALNYTHGITPIAVQKYNPKSKHKNRILFLDDDAREEENTELTDSMLETIYGKRATRSSIQRQFLLRENHTDDGVPHGIRIKDHSLFEAIPYSIFAGKEDFRVRNVFYIVGRAGSGKTIYFARQITSQKFRPHVKNIYFVVSVVNDDSFGKDVIKLNINDFVGNDVTSEMKRKRYEEAKIRFKYKSKIHKDNPTLLMNLELRLNELKPTKGADKEKLMFTMSADEVKHAYFSDSLIIFDDYEDAMSELEFKKLEFLQINFLLNVGRKTRTNLILIDRHKANLAGYSTDALIKSEATNFVFFAKQSTHAMNYMMKTYMDFDKQQMRTVKQMFKDPSRWVNINLQAQYILSQKECQLLN	1VA6-I\-35LM17/-IL6-D1\-24KE3/-SR11RG2\-8\-5GV5-V\-15KN6DN13PA8NK3CDQN-PSTFLPL6PL6NK\-15L-RK/-5AS6S-A-S-Y-A-HYNEKD1/-NSDE10/-6*G1EK8/-5/-SA4/-GA3LSKEQAHTTNLFYVLF30*F2\-HS16AE2ML2
EMALE01_Cflag_c017B	EMALE01_Cflag_c017B_0014	92.3	298	19	4	13320	12436	1	297	1.4e-130	459.5	21110	7M1D1M1\20M1\13M1I1/28M1/9M1/28M1\15M1D2M1/105M1D1M1\65M	MELTKPNALFLFNDDHKKIIKELGMKDTTSIYMLNGSYPNSLWAPSDLDLFQVLESSPVMGSKILREIKDKVANKLSKDKSSQLFVELKIGDDKFKTVKAVNGLNQGKLLQALLTTSNRQRIKLDTLVFVNVGYIEDITIIYDLHQKTASMTTQEFKSAMIEDVNKFYKEKNYFKVLKRTNSLLMSLERGDQLSKRLEPLLKTVKNALNNSFNGFIYLTIARLESTKEGTKIDKKLRDEISLSNLREDIGIKIGGVYETLKQPARKLSITSIPAMVWKLRTILNVRILDVIDRLDRRIYSFHKFQ	6DN-A1\-20\-8YN2RW1Y-/-6HQ3CS8PL8/-3RK5/-IF6AD20\-15-FRVEN/-72TK24NT3DK3-D1\-20NKRQRP21GV2SL17
EMALE01_Cflag_c017B	EMALE01_Cflag_c017B_0016	92.3	222	17	0	14203	14864	1	222	9.9e-100	357.1	21110	25M1\34M1/28M1/5M1/20M1/9M1\17M1/19M1/20M1\29M1/16M	MVKKYIKGEGFWDDLKTGLSRAIQAKKKDVTDMTSDEITSARIAQQAYKKDPLKFIDGWTSLIHSDTRIKVYEKGDEIKVSVRGTKDGDIDIGDDYVLVAFNDLESSPRFKHLRKL*TDELFAKYPRDKKITFTGHSLGGAMIYIYLYKQLGDKIKGDVFNPAIINLEVLRSIVPRTIKSHIIEGRDAVSDFLGKLMVNKQVYNNPYGMNTDIAHINIRSHRLLAFIDPNTP	25\-34/-VL27/-YD3ED/-20/-VT8\-17/-14IFQNSPCATI/-3FV8SI7\-5LF9LVSYHN11/-HN5IL9
EMALE01_Cflag_c017B	EMALE01_Cflag_c017B_0011	74.5	290	64	8	8336	9183	3	290	3.2e-90	325.5	21110	18M1\13M1/24M1\13M2D1/11M1/15M1D1/4M2D13M1D19M1\11M1D14M1I16M1D1\53M1I44M1\2M1\10M	VHTYVNGDQLSNSDSATA*RIEINRQNAVITEQSRNTDVSIERFVLEGFFPLFKVEDRDISIGIINISSGIPVTYQEIDFSPKSRVGGFLYNYRHVAEAVQTPALNTLCSALSITDVPEFKFDGFDKFTISTTAAFRGAWQISAMDSKMYRYFNTFDFETSKFPYILYLDQDVEEQKTRTTEFLSPCVKRVVLKTNLSVRSEYLPDPSVDNNNNNAVSSSDGQFLVDYRFFQSDGNPLQELFFSASGTNNRWHNVIDGSTVQNFYVTFEWIDVNNNSYPVTLKDWGCDTASLKCYFSK	10YS4TAATSA\-NRRIDEQIDN2SN4DE/-17HP6\-13-P-V/-2QEKIVDKF5/-11DERAAVEQ-T/-4-L-CCSLA*L1LI3SPVE1NKLF-DAGVF*DVKSFRTCI9YW1LI\-5SMIYARTYLF1-TIF1YF11V-SDRQHD13-P\-8KN12CVHD1FN5FSAS2DG1SFCLRVGD*Y4KS6DEA-43ED\-2\-3IL1WC4
EMALE01_Cflag_c017B	EMALE01_Cflag_c017B_0015	75.5	265	59	5	13412	14190	2	263	2.6e-84	305.8	21110	13M1/29M1/28M1\5M1I53M1I2M2D17M1/13M1/3M1I4M1/64M1D13M1/1M1/6M1/8M	NQLTADEVLYGVKISVRKPKGGRLTVDDLLEDNNFSVAETLDEEGRNELSFDQVVKRKGGAMYDLVEDGEDI*YIERPVKGRGKPSKRKPTKAHKDHVDAVMVIYGMDKDDAEDICYECEEMVKIKGGSFWSWLGNAAANVGKAVANMIPGVEGAYAAEGIDALQHIHRKYDALKKATKNAAINVATSFLPPGIKQAANFGIKKVTGGKKKSQDHPNTIATMEKKKRKKPVFSERTKLRQQLVSRLMKKKGLTWLVGQASKRHASEIMKKM	1EQSLLTTAADAEIV3GV1/-NSQVSREK24KE/-28\-RYRI3L-1EK1GR13YD9RG11VE9VGISRF1L-2-L-G3KAVNWVSG5IM*ILP1LV/-11HQNH/-1QRPK*-4/-1GA2IN1PALITNAVTASTFSVFTLTPRPTG20EDSHEPLNPTLI4HK1LK13-Q7IK5/-1/-6/-SA7
EMALE01_Cflag_c017B	EMALE01_Cflag_c017B_0017	89.2	185	17	3	14894	15441	1	185	7.8e-81	294.3	21110	89M1/21M1\17M1D1\20M1D1\21M1D14M	MQTLVSTPLSPAQITELWHKKSRINTKPPRVVLYDEIIKSSSLKQIFKGQDGVIVFYPNMETDNVLAGHYVALIKDDKKKTIYYYDPYGSLVVDQAKYFSKQRDELYKEQNENSLVKLLLKLVKRGWTVDVYSEYPHQSKDPRVSTCGRHSLHMRNKFAFLSNDDYNKLVMRGCKKKGVNPDQLSVIMF	57SP23VIHY1*YQDSPGY1/-5QAVKFY1*SPKEQ1*DTEVL5\-17-D\-3SY16-L\-21-K14
EMALE01_Cflag_c017B	EMALE01_Cflag_c017B_0009	77.7	206	40	5	6904	7504	1	204	3.8e-67	248.8	21110	6M1/3M1I14M1/6M1/1M2D45M1I1/19M1/7M1D48M1\22M1D19M1/10M	MLSELLGEKNTKDQQQQKLGATRCISNYMVNQTLLGLSKFLKERYPPEFFKDGIIRKEALNLHNTIKRIKMEKTELLSIIMYEKFNKLTKKEKRELKYKIHPLDYGKLFKSEPILINRKFTNFRKPINHYIQEYMKLDSIIRLEDSIYFDSFLWGKTILIEVINYANDISNGHLERLYLEQLNKIEITDDMRVAPEFRKMKQEEIYIATHS	6/-RE2*-KTRKPDAQ4FL5/-YS5/-ST-L-L11SP*EIFLF1ND18TM4SL4Y-/-2RK4VTQK1REEK2VL4/-TP6-F3SP2LI13GY5*K20AT\-4SI17-QTL2NIRENIRTIDIDLMCR3AE3IM/-9AS
EMALE01_Cflag_c017B	EMALE01_Cflag_c017B_0010	80.3	208	33	7	7626	8233	1	205	2.1e-62	233.0	21110	10M1/7M1/13M1\10M1\16M1D1/18M1\1M1D17M1I1\20M1/11M1/2M1/7M1I8M1I9M2D35M1\9M1D7M	MSELTTTAIVKSIASTLTLPLALHLGASCMNRCVRNPKYIKKNCVLVLPPKGGKSYLKSVINQSNDVLVVDLDEFMNSFNNTSKDLDRLKECVNHGNLHETYDLFYQECSIKCLDRIKHMIKKNAKKLRVLFVPTSFSYSFSSLFRKDAVCVASPNSDFFEKILKKEDAETRETLRKRRQFLLDSVPVKNAITTYNSYGDELETMVRDRMGLKRHL	2QE2RT2MIIV/-KS6/-SP9VM2\-3RP6\-2LV1HPGP8AS1-I/-EQ12RM4\-1-S17M-\-HY5DE13/-1DN9/-2/-FS5TLN-SFDR4*C1*-QATS4LFYFDE-K-I3AE11*R13AT2KN2\-8GD-RCM6
EMALE01_Cflag_c017B	EMALE01_Cflag_c017B_0003	99.0	100	1	0	1150	1448	1	100	1.8e-53	203.4	21110	96M1/4M	MKITLKSIKPSTRKGKKLMATFELYHKGQTRTHVVHFGAEGSSTYLDHKDDTKKKNWMARHIGNINNSPINMAPAVLSWLILWNKPTMTASIKDYKNKRTG	16QK79/-4
EMALE01_Cflag_c017B	EMALE01_Cflag_c017B_0006	93.2	118	6	2	3871	4218	1	117	3.9e-48	185.7	21110	4M1\47M1I1/34M1D2M1/12M1/7M1/10M	MENL*DIYENTSGSSGDTKFVSFTVEKTNKEGINVYMKQPDLDNILNTIDKKKKMELPKDKREKFQFMVRALTLDGWKTLSSFTRFFDMSIDYEEYMKGKISEGEGVDNIYPTKFSQFEIIL	4\-47L-/-26FL5CF1-DRM1/-5IM6/-RE6/-ST9
EMALE01_Cflag_c017B	EMALE01_Cflag_c017B_0001	85.6	111	13	3	537	870	1	109	9.1e-37	147.9	21110	34M1I17M1I1/8M1\24M1\6M1D1\9M1\2M1\8M	MKYEYRSERTFKTKNKYLTRINRVLDNPECTNKFHAIEKEISRLFSLLQEPIHSEFAYYDGEKFIETFNGDKKKIQMFEAMSTMYHKYKMSLCSQKIFHDDGMGDHRDDAFDLIK	34P-MHLALIKE1KE4LF1FL4L-/-8\-7IN11TMLS1KMQY\-TK5-C\-9\-2\-8
EMALE01_Cflag_c017B	EMALE01_Cflag_c017B_0019	83.7	86	13	1	17217	17470	1	86	7.0e-29	121.7	21110	44M1/9M1/10M1D1\22M	MTKDSVLYKKIQMVRTRIKEIEIAQVHIDNICRYLKYSLNNDECSFGYGTHSHFSEQQRKLRRETIQKCQFTLKSLTDMYELTYGYPIK	23VAHQRVYHTILDTN1YCGR11/-1RGSY4QHLF/-10-I\-22
EMALE01_Cflag_c017B	EMALE01_Cflag_c017B_0021	65.7	137	41	5	19958	19564	1	136	4.0e-24	105.9	21110	5M1D4M1/9M1D5M1D1\20M1\26M1I24M1/4M2D25M1/9M	MLELFLVKCRKERNNAIFATRKEAEKF*RDLMDLHDERFHEGYFIEEFTKLSNIKDEKKKLEGEKVKLLKQEIIDMLHKNVHNMKDLESIKSKLKNDEVKEDGAXXXXXXXXXXXXXXXXXXXXXXXXFTWTDTYNGRYMG	5-LSV*K2/-KE1KNDN5-REK4-F\-19YF\-QK3LI1SD1TK10PLGK2NINIEDP-CMSLNHQK1FV3TK13EV/-4-X-XKXSXEXTXDXSXDXVXEXEX7NX*XVXAXYX1STGW/-2FY6
EMALE01_Cflag_c017B	EMALE01_Cflag_c017B_0004	88.6	70	7	1	1497	1703	1	69	1.3e-22	100.9	21110	5M1I5M1/3M1/18M1/8M1/20M1\10M	MTDTDKIKFNVDRKLADYFKRYFNDKVKGKTWHACPCCNKDIQSMSNKSKHTNSMRHRKNADTVYEKTHQEIDT	4QDI-MK4/-CD2/-3SF12SW1/-4KN2TI/-20\-10
EMALE01_Cflag_c017B	EMALE01_Cflag_c017B_0002	91.8	49	4	0	928	1072	1	49	1.9e-18	87.0	21110	32M1/10M1/7M	MKTQKFKYLVIYQDGNDEYKKQAFYKYKHALSSFKKHLHDNNARMIKRVPR	32/-7KNQNCA/-QM6
EMALE02_E4-10_c008	EMALE02_E4-10_c008_0006	90.3	642	50	12	2565	4467	6	643	3.1e-280	956.4	17993	29M1/1M1D20M1D1\44M1D33M1D8M1I32M1\43M1I17M1/28M1/2M1D11M1\2M1I2M1\6M1I1M1/198M1D1\47M1/21M1\26M1D1\16M1/6M1D1\5M1/32M	ASEIFSLKSLNGYLKKVTSDDDKNLTKAKTEYLRRFFFPTTKGIFFYNGEPDSSRHFELIQMKNLTTRYLSNDLKAYKIEKDEREGADGTVITKTKKKLCFNAVNFMQSTEFLENKYLITINPHVFSRTFRKDEIDYLNMMKPRLHEPNKLPKYETYPEDVKKGVNAMLNHIKHTVWANDQESMFKYMINWLSCTIMGRKLRTLLYLQSTERTGKSIVIDFIQNYVLGPHTTHVPTSSLEAIGQWTKPLEGRMLVNFNELPCAVGVNQWKGIMDSLKSILVTEAQYFSVTQDRYCDSYSQRNTFNVIVTSNNNAINVSVNNHARIVSADVSEARLGDFRYFSDLKKMTSRADVGEAFFAYMKEHFETTGKCFNCDLKPTTESMRDKIASNLPSYIDFIKANYIKEEVDIETTTDDFYTDYMVYCNEQKLRPLKKAMLGTHLKKLGIKKVRRLVSGERSHYYVANYKDLLSLFTKKLWIHDSDDIDDKDEKH*ESDLEKKLSVMTXXXXXXXXXXXXXXXXXXXXXXXXXXLVSDINEYKYVLVKTEREHYENACQRIDVVERSLNKKLNKEKEDLIQTVTDVNETPEVENMKVDDGLDDDDAFDMIAGSNDEPEGDAPVEKQKSTPTEDEEVVCEKVMKKKKSVKRTKVKEFT	13PL15/-DE-Y20-S\-12PT20GD3TI2PTRK1SK-L5YN2PQ23RK-D*E6IM*-NKAPQRSL28\-6*Q4RK16ST11QK1LIS-SV5FN10/-6MIVGNQVW18/-2-N11\-2R-2\-6H-EQ/-19KN2MIQN24SF1ED3*MHTPS24FC81*E34-H\-6EK31XL8/-13SC7\-DS25-E\-1IK5ED3TA3MI/-6-E\-5/-KQ7SE21LF1
EMALE02_E4-10_c008	EMALE02_E4-10_c008_0014	82.5	600	87	16	13576	11815	1	595	4.0e-219	753.4	17993	5M1\2M1I82M1/10M1/12M1/8M1I8M1\21M1\8M1D1\11M1\28M1D6M1D1/15M1D19M1D1/30M1\23M1/41M1D1M1\11M1D11M1/3M1/8M2I37M1/38M1/14M1\8M1D12M1D1\11M1\10M1/16M1\10M1\9M2D1\6M1/7M1D1/12M1I21M1\3M1D5M	MRQKNSFSLKSRMFNPQRGTGSNINPPSHSNTSSHTFNPTGHRDTSKDHIPSKTTNDFVPINPIDAFPLIPKNDDDPKTQKDKDIETREKLFMDELKKKKISESDPSLSNLSEEKEVRKRLSQSKEWQNFEEKLEHCKKKQRDGFRKVYTKDF*DMTGTDYEISQNDGTINDNIRAQRKEETEDSLTEQFLSAEMGQAEKEAIETGKSISDIMWSERFQDGAMITKRIAEWVKQGGEGNFENKGFQKASIDLIINGLSRMGRHFFEADNPGMSRYVSRSARARFATLSSKISRGLEFAGRIDFA*LAGVNIGLDILENATGSRISKYHEFAEENPWITNIPIIGSLVEDLYGNLASLIGSALGEETDSQRDEERIQPSHRLEVIEQYLQLIKEGLAENLRGADAEETEDEERLRKIDNIIENIDHHYFSMASGLLDNDDIKNDIRNYFERHPDQSMAEFSG*LRKYLKQYIIKEDEAVDASWNRRVDAVARRAYMLLYPLDAPEVRSEIQRKRQSGDYLNDLLIEADPNFGLDGGLDKF*DQFFIDNKNAREARIYAQYQQIIQLENDVHTRMEQQMLCMLENRERELSNSEAGDIGNPYRRTGLDVIERRRPQRLRDVQKQ	5\-LF1H-IL76SELT3/-IF9/-QE7IL*SREQE/-8A-8\-20LF\-2ST5-I\-11\-28-T6-I/-YWES6PA*M*IPTMKARLI-AQE18-S/-5SG11SD3SM8\-3GA4TK6LFLAAGSR4/-1VALGLVINYI2ADTI1REMNPAQT14QP11-V1\-TLHY8DS-AIL4ND4KE/-2RQ/-7QEV-S-DQTYSLRQ4RG26KE1/-YDNH36/-14\-LV1SA2INARSR-VHD9SL1-P\-CD9MR\-10/-1REHA12LF\-10\-9-Q-I\-SQML4/-ST2DE2QM-L/-6SR2KSQNFS*-SE4RGKN1LYQR3*L7\-3-RND4
EMALE02_E4-10_c008	EMALE02_E4-10_c008_0010	89.3	466	44	6	8721	7334	3	466	2.1e-212	731.1	17993	30M1\26M1D15M1D5M1D32M1\66M1I1\11M1/14M1D21M1I71M1/11M1/26M1\27M1\21M1\35M1/49M	SYDVNNHEKVGITSKVPNFLKYSNSLRAQDDIVLNRRHVVTASDQTSYTENQELRFELSSSSSYVLPDTMALNFNIKTSNAASGLADFPATCWIKDLRIQLNGKTIEHIVDV*NQLTYAQASQIMSLNDAKSDYYNMCGAYKWNLGYESAEAGDVVPAGNFASLPEATAGVTSVAQLVNFLFRQDDEGVSAERVARARTAHGVGLDLTLPLSLISGFARARKMFPLPNAKIELVFRLALNSDAMLQADAGHSYSLTNVELGYDMVDVNPMYQQMLQQEISGPEGFFYPINTYEVVSDNKQAVPNAITTQTYNQYTSSAKRVKSMIIWRKTQALRAAAA*DSISSLPCGVNEQQVIIGSRRFPEGKPHLRNPEEMFAHTKRSIGDFGMVHTSNLGWSTPTTYKATDTNSTFAVIYNFEKIADDGLNELDTMNLSSQGAKFQVVNEESALDTTVYQYVGLEVVQPIKFASGFLMIE	14QK15\-25RE-LTSISKSFS3FL1*DNTHMSA2-FHN1RK2-NSA14GD1ERPIHQYL4NI6\-2HLPT2SQ4KM54H-\-FL10/-11RG2-L21C-25AS35TNHTNY2FVTS3/-1AV9/-24TA1\-14DVNI10QP\-ILER3*E7TS1DG5\-26LFKE7/-49
EMALE02_E4-10_c008	EMALE02_E4-10_c008_0013	79.0	544	100	10	11663	10049	1	533	3.7e-196	677.2	17993	53M3I1/35M1/25M1/19M1\11M1\2M1D20M1/44M1I1M1/12M1/5M1I51M1I24M2I1/23M1/3M1/5M2D17M1I9M1I11M1I1/18M1\37M1/52M1\8M1/19M1/9M1\17M	MSSINPNESGNTNIDPDPDHPVSEWSFYKAMSNVNIDNKNIQNVNGLSATTGAFFSSNVNVGEXXXXXXXXXXXXXXXXXXXXXXXXXXTXXXXXIDIGSGNFTVAAASGNTIIGEGTXXXXXXXXXXXDLELQNKNAKFTVKNEGSKNDIIMEETEGEYGYALNANVGVGVGPDFGLQVNGKNSSGAYDEIARFNSSQSVDGKSLNMNNNPINNVGYALNINGNVAASGLNITAGNNSSSHQFNGDFKIAKTGSDVTTNLIVAGGNNVSNFSNVNSNIFLLNRGGEYQVDNYPDLRIANTMNTTTPNANGLTEISFRVGSKALSAGTGGAITESITMMDRFNWTGDPNNNNAEYFTEFMRPVVISDHSLNINNGSLSITNGTTHTLNGLNMNSNKITDCADPNTLAQDVSTKFYTDSVALNGSGGQLTMSTGVNNFTINPKEDVSQSYVYRFLGQSTSPTYTLNITIDSAVFDKNVELTFIVITYLNNTTTVSHIDTSSGALLFNKAGNEVITKSTNGLSKV*TDKRYTVIKLCICVDGDGYCYIANETD	52TAH-L-I-/-9NXLXCXNXRXKXFXSXSXKXRXGXTXTXTX*XMXMXLXDXCXEXFXLXNXEX/-DXIXTXGXDXTI1MIDGRS6VA8/-2AXTXIXGXGXNXVXVXIXDXGX6\-SN10\-SN1-I1GMKETE1DE14/-10RKLNPS31G-1/-VA10EG/-IN4I-INVNDSPS27AN14KNIRVGVGDET-16RT2YPSNFA2K-*-/-8CSQK9RI3/-NT1IM/-2TN1VT-G-DQPTNDN14*-MI1GD2FLKNYIKN*-LN9STL-/-18\-1FL11TS23/-52\-8/-IFDN7*T5*L3/-IT8\-9FC7
EMALE02_E4-10_c008	EMALE02_E4-10_c008_0008	86.4	397	51	3	4931	6112	4	400	8.8e-174	602.8	17993	13M1D1\7M1\33M1/11M1/14M1D11M1D1M1\13M1\20M1/11M1/75M1/31M1/39M1\12M1\17M1/19M1\6M1\17M1/44M	VFYYSKNLSKYVTY*NGDAISMYTNIRPKGMYVMKPFKATHDGLKEYHAKLKKDQRREISALLPNVDVHPYIKYHSHRLAKLLCLNKLLPKKYQRKKRGEAFLDKFPRVKKGEEGQWLNGCYNAGLTYAENGYSYENVSAYDYNYSYYSRILGGPKGGFKIPIGEPRFEIIKELPKKIPYGIYRAKITFNGPQNIQKLFTFSPRNFYTHMDLRMARLLSLSKRFPSLKVELIDDDNPNAMIYDNLIQAKEIFVGHWFETLYKVKEKTSGNHLIKQMLNIWGVVCEKSVIMKKKIPWSDIQTWPYEIKSIQYDMYPLEGMLDEDLPIFTCIYLGNPFRTSLGRIKKPFLMAHTARDRIAQLVKLNANFDTNVIRIYYDGLICKKPIEQYEKGIGQSMKYDKYHGHDITINSKID	LV12-Y\-7\-27RL4ER/-10KV/-AP8RL*A1IL1-CYLQN*KAL7-K1\-1AESA1VL3RP2RKRK\-20/-LS10/-LS74/-EK9LI7IMDILYVDDNTLSITQ1QK3/-CG30GERKKS1SISMRKRK\-KI11\-SKIS5TY9/-5RI13\-4RM1\-1IA15/-HN3SI35PSNKRI1
EMALE02_E4-10_c008	EMALE02_E4-10_c008_0009	86.3	350	41	6	7169	6132	4	351	2.0e-141	495.4	17993	48M1/1M1/29M1\16M1D1\27M1\2M2D19M1\24M1D23M1/9M1I13M1/11M1I1/22M1D1\12M1\6M1\36M1\45M	KKKTNLNDILKKLDVAEEVIELTKAPKKAKRYTSIRKNTFPEEDYNMMRAIDLLFLPTTAEGYRYLLVVVDLWSREFDVQTPLKNKQPQTVLEAFRKIHTERPHLNFPKASLQTDQGSEFKGVFHNSYMYGKNIYHKYTNVGRKTQMATVGESLNRTLGYLLNRYMANKEQQTGREFKEWTEVLPVIRKDLNEIRKLPNVGDPFKRRKIVIPKTEPKFKKGD*IVQWALDTPETSFTERKVDGGFREGDRRWSRSAVRGVDQVLSYNSDIIAPYRYLIKNNNSYASYTADQLRKAINQKFEKFAVRDIIDVRGRGKRRREYLVWWSDFPKEQATWEPKDQLIEDGLQTYIDRFDKRRKAKK	1IK1AT2KN4HK3GA*EGESVVI28/-1/-28HQ\-10HL5-I\-19GESF2YVLFDH1\-HYVM-Y-GGK18\-13WYAM1GN1KETQDQRTQG1-EIF22/-CG8E-2LP9ED/-11V-/-22-R\-5ISNY5\-6\-4HY26QV1*G1VG\-1GRQR1*Y35IR4
EMALE02_E4-10_c008	EMALE02_E4-10_c008_0015	86.9	313	40	1	14503	13576	1	312	5.4e-123	434.1	17993	75M1/7M1/33M1/3M1/21M1/6M1/2M1/16M1\52M1/5M1/16M1/7M1/10M1I2M1/57M	MSLLNPVQPQAYYPPMPSNAFGPSQYRLNPVKVMNPFLNIKREDLLVSTKPHLPQDVADMLLAERMARPQAEELPSVGTESRQTNVQDLIDQDQVVKARAMYKERMNFINESVLTAKRQKEIDMQEKLLLDLSSRYPPRVVRERAVQEAGSRPMNNPVVDESNVIPYIPIGAPISMIGDSSSGIPAPPSSEAISERVSASVGYSEPSLLSEMYGSSEARRMRTYLQALE*LRKMTKPERVAQTAKANRRTQAEDVRAATEERRLAAACMPSXXXXXXXXXXRPAPMPPGNDDDNFYVPPGMAQVGRRRGTFTSSGRQVKPPRRFP	4TNSP10SP2*A4HQIY2KNTP15FLIVNSKTTKSPFHTLQPIQ14VQ5/-IVEG5/-DN28VL3/-KQ2/-19KR1/-2HQ3/-KR1/-1DN14\-44TS4*M2/-IL3DE/-8PRAV6/-QR6/-10P-KATA/-3AXAX45QK6
EMALE02_E4-10_c008	EMALE02_E4-10_c008_0019	86.2	275	34	4	15881	16695	1	273	5.1e-113	401.0	17993	62M1I1M1/10M1/11M1I52M1D2M1/15M1/26M1D1\8M1\48M1/8M1/28M	MSFNRIYVNAQYVSSSSTKNQFQVSLSDNVARVEDLNLSTFTFVYTPLHSFPTYESQVSATEDASTTTGTFQIDHPFKVYDSPDTATGTSLISELNAKWSSAGLSGTWAYDHTYQRLYLGGLVANTTTLVLNEVDGQAYRR*LGFGSSQIGVILTADQANGDITAQNPPILARTSTAYLAMDSAT*DSISSDAS*VNNIIAQIPLYSLAYGSIANFEIAYNFSKVSGIPPVLHTLSFRLLDDQSFQPLELCETNSNVCLEMHIDHEGSEEQRAKLLRLTRD	58RS3G-TD/-2NTHT1NT4/-2NKLV5AT1E-21SW4PT7SG12LVMDEG2-Y2/-IL14/-SA10VI14-T\-5EDPA1\-NV1IN1GI6AS17LV18/-IF6RE/-11YH3DE2VRTA2IL1SL1NRED
EMALE02_E4-10_c008	EMALE02_E4-10_c008_0004	93.2	206	14	0	1582	2203	1	206	5.3e-102	364.4	17993	106M1\26M1\17M1\3M1\54M	MEYYKTNELRKRKTALDHEMIMPKLCLKGVTEETIGEFMKIALNLLNKMIKIREGILQRCENDRTNIEDKLKQFINFEIDSIDECMIYRSEWESKFLKYLIITENKRAFKQYKKYVQKIKVSYSFMYDDYLTLNMDINDDVGLTSEILKRYFLDDFLDTIFESFVFKDLKDEIFNELIRCKMMGYCLLCNPDIQRIFTRKLNKHGYSFQN	59FC33ISTK1FL4VIWT*E1EK\-26\-17\-3\-1TDHT1RFVELS3RK43
EMALE02_E4-10_c008	EMALE02_E4-10_c008_0012	86.5	260	31	4	9983	9223	1	260	9.0e-102	363.6	17993	58M1\15M1/19M1D2M1/14M1\31M1D1/8M1/2M1/26M1D1/26M1/10M1/10M1D25M1/10M	MPLDRKVIPSEGIDKRSIKKFDKLSASDVLPFPSGFLILIQGSVGSGKSSLLWSIVNGIYQEKNYFDLIVIYNA*CSDSFATWSQLENDHTTVEVVGEKYDPEEMQEFIDEIRDEIQQKRRDEKKRPYHILMILDDMVTSAISRKEGTTTVFDQWLVSLNRRHLGVNIIITSQQYNILNPSIRGNINLSHFLLLKGNARDIKMASNEHNAGQSITEDEFVRMYTNMVKKRDKYGFLCVDYKESPDKRFKVGFNEVIKPMV*SVKEEEVLIE	23IL34\-15/-MC18-V2/-RKKY3DE7MI\-29CS1-K/-4MV2NQ/-2/-5ILRGCVGNYI11SPRS3-N/-16IM9/-4*ELFCVGRVMIY/-10-FPLSCAV8CR2LV10/-LSAV1AE6
EMALE02_E4-10_c008	EMALE02_E4-10_c008_0020	86.0	207	25	4	16691	17294	1	207	2.5e-72	265.8	17993	5M1/8M1/17M1/4M1D5M1D3M1\18M1/19M1D1\31M1\23M1/8M1D1M1/15M1/36M1/10M	MNFDLVTELFFLIQSEYNMAEIIASSLSSASAWLVAIGYYATGCLMKSVKAPHKVKKACLVMSRKSVGKSSLVKHFLGNDNDFLLVDALDEVVKSHPDVNDEFLKKLNDAEVKGNHSTHPRLLSEELYKNVYEKIKKSWLSNKRKRRLLCLTSS*LNLAKELFKASSIFVPAMPSKKLSNDLIDKEVDQREQDLIRCSRMSIISQLQLPNKLFIYDTF	3GDIL/-ST5SIKQ/-3LM2LI10/-ML2MI-G5-CWL*M1\-10SC7/-SG5NKRH10AV-D\-31\-23/-7IT-SDS/-15/-TA3EK28LQTLSQ/-1TN2LF5
EMALE02_E4-10_c008	EMALE02_E4-10_c008_0016	88.6	220	24	1	15192	14537	2	221	1.4e-57	216.9	17993	5M1D3M1/89M1\28M1\7M1/24M1\23M1/12M1/28M	SDFETEPVNNKPPRVMEKVKRKMSEKXXXXXXXXXXXXXXXXXXXXXXXXXXXXXXXXXXXXXXXXXXXXXXXXXXXXXXXXXXIDEVEAEDFEVQDKKPPAPRPTRPTKQRSLDHSFPPEMDYNAMMPQRMADLEKEQVKASERKPKKPRRKIIMEDDMS*DDYDSETETEEIIVKKRRPKKSRIGRKPVKETYPYDTDYDEVHGQNPAPTYDPYSRLRGSFFGDY	2VF2-E3/-QK13XEXK73\-28\-1CR2EDIL1/-1EQ1RKPA1DE12RENDVD1RS\-ED1HY1AS5VE6*R5/-DG1*K2QK5AD/-28
EMALE02_E4-10_c008	EMALE02_E4-10_c008_0018	97.3	113	3	0	15856	15518	1	113	1.5e-56	213.4	17993	49M1\4M1/60M	MQKTNEPVKLNEVTTDNHQFTKDEIRKFFEIAKHNQLFSRMLLPQWLIN*EEPENKWLSDEELYEKEMLTFHKALENAKSEKEQELIKCQFKDKCRKSKKMRKYLQRKAKLSKKK	17LH8MK22\-4/-EK59
EMALE02_E4-10_c008	EMALE02_E4-10_c008_0011	89.9	138	14	0	9186	8777	2	139	6.3e-55	208.0	17993	6M1/14M1/16M1/16M1/23M1/42M1\21M	LDFGLANKLRRGLGFLGSKAQKQGFNTIGQYLDKGRQFLLDTAKGLGNRAYSFVNRAVSPEVARAVDRVVDRPVAGGES*LRSAFEKADRGLNQARAMARDGQDLGRDIRLSAQGRGDAQNRTLIGRFKNSEVNREMQRRLRRM	VL5/-14/-EQ1LF11RQVF/-1ND14/-SA7PA14/-4CF3ED8TMQAVR22\-16PR4
EMALE02_E4-10_c008	EMALE02_E4-10_c008_0001	78.2	133	24	5	510	897	1	132	2.7e-42	166.0	17993	7M1D6M1D6M1/21M1D1\3M1D55M1I25M1\5M	MTTFNEICYNRIMSILNNSDPSFTERHSVTILRHLKTKIDHIKGTLDTIEAMEIHNNKFENEARDIVKQLKLIKDEISDLLELNMDYFEPAYNYILSTFTEKTKILELLRVESSKRRSKCTRKILKAEMGRRYIQ	1AT5-CFY1KR3-IPLTN2ND1/-9AL2RL5NH2-G\-3-ISEGANMGEVI16*K5LI19PS7N-LI1KEGLRL18AEIM\-GR4
EMALE02_E4-10_c008	EMALE02_E4-10_c008_0003	89.0	100	10	1	1236	1536	3	101	2.7e-42	166.0	17993	14M1\42M1I7M1\8M1/28M	ITLKSIKPSTRKGKEKLMATFELYHKGQTRTHVVHFGAQGSSTYIDHRDDTKKKNFIKRHMGHIKNDSPTNMSLPAVLSWLILWNKDTINESIKDYKKRTGY	2RL5IS5\-2IM24ST11DN2L-1PR5\-8/-8RL1TN12NKSR3
EMALE02_E4-10_c008	EMALE02_E4-10_c008_0017	79.5	83	17	0	15505	15257	1	83	3.4e-32	132.5	17993	83M	MEKIYDDMKKAKEEEPMSTTEKLYYIGKYAYYISPLGLLTNPQKFALAWGLTKMAENDEELMTEVNEEAERLDATEKSNETIE	6EDYMEK44IMRA1CN*DREPEYLAMQTRESVSN10NKCS5
EMALE02_E4-10_c008	EMALE02_E4-10_c008_0005	86.8	68	7	2	2249	2447	1	68	5.6e-27	115.2	17993	21M1D22M1D1M1\22M	MSDEIKTKFNERKSDYFKKYFNDKVKGKKFHCPCCNKDISLSNKSKTHTNSMRHRKNAEKYEQTQQEID	21-N9LC2SC5FL3-SRK\-11QE7QE1ED
EMALE02_E4-10_c008	EMALE02_E4-10_c008_0007	76.2	105	23	2	4549	4855	10	114	8.9e-25	107.8	17993	6M1D2M1\13M1\16M1D2M1/6M1/18M1/12M1/28M	TSGTAGDMKLFMSFTVEKTNKQGAKNVYMKQSDLDNVMKVIDKRKKEKLPKKAQREKFQFLVRALVPVG*WRTLKSFSRFNDFXXXXXEYMKGKVSEESDVFTKFAQLEII	6-D2\-YF12\-RKRN2EMTKVQLS2HD1MV2AV-I2/-6/-1GA10PA5/-LWGR6IR3/-LXQXRXYXNX11ND4SF3*E2
EMALE02_E4-10_c008	EMALE01_Cflag_c017B_0002	95.8	48	2	0	1011	1154	2	49	4.1e-22	99.0	17993	48M	KTQKFKYLVIYQDGNDEYKKQAFYKYKHALSFKKHLHDNNAMIKRVPR	1PT35YD10
EMALE02_E4-10_c008	EMALE02_E4-10_c008_0021	79.6	54	9	2	17327	17485	3	55	8.6e-12	64.7	17993	10M1/9M1\24M1D5M1I4M	ISMVYIGMPTIRKQVRRQMIKKTNSLLKPDKKAVKKVVPASTLHINIPPPTQTSG	2QMRV3IM2/-HR8\-11EA6CAKSLT1*H1-N5*-4
EMALE03_CrRC_c16A	EMALE03_CrRC_c16A_0005	85.0	659	93	6	3400	5362	1	657	4.1e-262	896.3	19164	9M1\7M1D3M1\31M1/66M1/19M1\33M1/3M1/7M1/4M1/21M1D1\18M1/72M1/16M1\3M1I11M1\5M1I1M1\9M1/17M1/9M1/7M1/17M1D8M1D1\14M1\9M1/15M1\24M1/84M1\27M1/20M1\47M1\17M	MEFQFTKSFLIKNQIKKLSDALLDFSDFENTSSSTFKVANKILGTFPTMSSEGKKDFLIYDKSDGLWKKVYMEDSKLFKILMTSFDKVFDKKRDELNELIKNENTEFNNSFGNVEKQNQHSRYKINQLQKLSKHVSNISSRGVICNKYCVEMSKTLYSLCSSVNCYGTNEKKNKIYRIFISNDKVILIDLQRSGKCLNVVSKTCAMSRIPFNFLGGFDEECPNANNFLLQLCNMNDKLRCESLKSVLGYCITNLNDAKKLFIFYGKEGNNGKSVLLQVLKGLLGTKTQPVTQDLLISSSKTSSNGNPPELLTLRNVTLGVLSEALQDNQRLNETVFKTNITGGDENMSARALFSNKKMCTFTLPTKIITHSNKAPAYIDTSDKPASKNRLHLVTYFDAVFCENPTKPNEFKKIPKFAETNFLKDHGDEFFTLCVSQYAKKYIDEVGLIENESTKRDKERYYIEMIDPIHQFINNTYEECENGIEY*LNDIWGDFKNYCLERNVPYHQINKRKPALVKSLTAKFKKIKKNNKFRRGDSTAFKGLRNVNNEGEDEGSFGFDEIEDDTVNMMAKNVKRINQQFYIDKKGFTSNKELKETFDIDIPDLINFLRNMGIPEVKRKKDRGFRLTKFETEEPEKEQEAEPENIKCKKLENELKTLSKNVISKTSKQKKIVEEFAFDNIDDFEA	9\-LI1ENKQ3-LRS2\-2LF8CS1LF1LV15/-47IN18/-QRSYTK2HQ13\-2DIFCGNIK11RL13TNNK/-3/-FI6/-4/-KS10SCEA2*R5-L\-4NEMCSPKNCA9/-YN19PN51/-5VLSR2PT6\-2RD*-*N10\-3CG1V-RE\-8KN/-7SP2NI1IT3RK/-SPLAGYHI1FTYS2/-TA5QH/-8GC6IN1-F*K7-T\-IFMLNKPDGHCG6YCLV\-9/-SG14\-13ST10/-3NI*W6WC1DE1INCV19VF13CS1SA4VRLNKVSNTN*ERG6*G4QE8\-27/-YD13VPSEEVVKKRRK\-ND44VSDK\-17
EMALE03_CrRC_c16A	EMALE03_CrRC_c16A_0017	89.1	589	55	6	13904	15641	4	590	1.9e-259	887.5	19164	47M1\10M1\20M1/3M1D8M1/5M1/21M1\31M1/9M1/12M1/30M1\1M2D38M1D29M1/28M1/3M1/75M1D4M2D1\32M1/17M1/8M1/21M2I2M1/45M1/16M1\65M	KYFKNTVLIADKSEQFREPSEIMLGARLGNASSIRRQLNVVAPTNGASAGTLTVNESFTPVGNVESVPSWQLTASFALTDGTTGLTAAGTDQFLYGVLVGIKREALSDLQTNATVELNGETQFNSRPQDNREVLINTAPLSHLAKLSDAPAGHQLFDSYDSTININNSLREGANALIDTVSSNGIGNNWKISNVVKVADNSFTFDIYVYEEVVKANPFQYNDPNPRPFRNLSTFKMDVDTLALSNGFIAVNSANTQATTTLACTYSSWKLLMHTWNPSCLPAKIPKQIVYNAPKIVRVKSQTVSLSS*AASHTSVTMDSVLIKTVPSAFFLFAKRNDPNNGTKYGKPDQYAGMLSLEADAVNDTGIFKSYTPHQIYNMATKNGYNERYSKWAMQENMGANKFGAGSFLILKPDDFPASDQQSFISHSMNVSQSMVFRLDLLGHDVDAPADYTLHFLLAMYDDLILYNEANEGLYSSERLPIISPEKLSSSSVVYEDNKSQNNHIVGGSWASSLWNGLQYMKNLLLTSPQARMISKSVRNSGGALPWAADGSMVGNAASAFGYGNEQKKAPKKTPKTKKGGEIFDIGKGKGGQRVSKAQLKKMLDDAF	1*YIF4NL30KN8\-10\-15LS1RA2/-1HTLT-G7NQ/-5/-14RTLV4VE\-30DG/-SQ1IF1TS4/-12/-30\-IV-Y-E22GTVF9FSKNRGWF1-ALV14CY11LP1/-19TK8/-VATA1/-PTYS4AS8PA34HD2TI1SK18NR-Y4-M-Q\-19CF12/-YN16/-RA5RLYH/-FL2NMVY15CSR-*-KETR/-45/-10RS3AS1\-9KM29FI15PQRL3FL4
EMALE03_CrRC_c16A	EMALE03_CrRC_c16A_0004	84.5	614	81	13	3307	1495	1	610	2.3e-249	854.0	19164	23M1/5M1D47M1D1\12M1\7M1/9M1D2M1/31M1\2M1D17M1\12M1/14M1/16M1D1M1\46M1/8M1/5M1I19M1I2M1\9M1/13M1I6M1/19M1\37M1\13M1D91M1D6M1\24M1\54M1\10M2D5M1I3M1/17M1D15M	MSLKVFKQTLPSTSNGKNALHYYLFEKPDGISKADIKKLAKKAIGQLQVKDGLINIRTPDSLDRMLGKTTYIYDGEPEKNGEYEVVNENEYTHASLAPAKNGLYNSFVFIIYPPSVKFAQGGKDAKNDCLFWCIAEAVGGIEFMKKKGYNRPRYLKEKLGLNRNDKKVPVNLLKVLHRNELRYNFIVSGDATMVDFIDPSFVQCVKLKLKDETHFTLENIRPFPRIKYNNTSAIFKHKTKDGFEIYHDGLFQKFTAKQLINKYASTHRKKTSFIFNKPKQCKDTPLIDFSKQTLKRDIEAFKQASKEIDIIKYGGVTNTALYLFWNKHSQTIPTPPQINYLEALYHINKATLGPTMMYKTGKYKNCIKLDFNSFYSFIMSKSV*YWFPVGEPQYKKLSEIGQYPQYGFYCVNVEQGKCKDSLWNILRKPSTGWVTSQDVAQYIKYDCDVSLVDTKDKPNHLFYPKEKRVSGRQLFAPFVNYMKKYKYDKVPMSKNVFLTVLYGFLIRKNSKSVIQSIDSEIVDLKKGRIEDISFDFENNTVEIEYISKNYFKNEFARIKPFLYAYSRKVLVDTISDFVSDDIIQINTDGFIIKNANENKHFRKLIGSDFGQLKVENKGNCEVQKLHHQVWT	21GY1/-4ED-G10RK*K2VG32-E\-12\-PH6/-QN7YF-IYI1/-3QK1FASQAG6GD1FLLFVWQCFILA9\-2-G13SNTR2\-4HN6AR/-14/-GD15-DSE\-13TK5DA3QHRKRT20/-2*Y4KR/-2IS1YIG-5HQVCGKYDST7RQKTH-2\-1LIVE6/-QE12H-6/-EK11INIY5\-1HN35\-RY11FL-S10CY5RQ2SC4*WVNGIYL9IS5FY15LP25MKHY2IDSK-VSP5\-24\-YD3EGERLI*E6*E15KN22ED\-FVDS2LIFIRQ2ST-D-G5L-1YN1/-17-N15
EMALE03_CrRC_c16A	EMALE03_CrRC_c16A_0014	88.8	552	54	8	10786	12413	1	550	4.9e-239	819.7	19164	10M1/1M1D8M1/30M1D25M1\23M1D24M1/15M1/7M1I1/52M1/44M1/26M1D9M1I1/80M1\8M1D7M1/8M1/48M1/4M1D14M1/1M1/19M1\81M	MSLRDILRNLKNITRQEVNVGNQFNNAVKEYRQEQAIKDSLRQQTKRDDIIIAQKDFVPLDVRRREQRIDENIKTSMAFLLVDGLNEESVPKLSSNLDRIQDIVLKENPSLSMLAQLKRFLGQLSQR*MKEINIEERVDEDDMHTYDEYVRLLDHTKYGTMLNNKIQVISSLLQNKIITDDVMKTVLKDIETTVVDDLDKLSVEKKIYSRLIPDGEKKVSPSLRFMKQEIKRVMGKNLEELKDPIASTSSKQLQSLKDEIQKMYKDASTEDLAELFTTTLKGRINTNKLYDDGEQPLDADDWRRITKSKSDMLNLISDYYSQPRVIDNVQSIEEYKRKPKDRADLINIVDALLTYASPTFLEDNDMTKRSKLLNSNMDVLEEYRKQKLLPEVFIDIYARERASLPHRTANLEQKFRQAKTKAEQKRILQEEEDARAREREQEASDILKLWKKASDSQTEDLAKKSKFTSKKKGDLKFQVEKLLKLAQGFKSKKDIAKHKPQMWKTILESPQAMKSLLDNGILPKSFIDSQVKGEGKKSHKTKTKKEKKQKPIKLSKSLLKILNKIK	3SR6/-QN-I7DG/-30-AEQ18FI4RA\-11QP7KRFINQND-I23QR/-14IM/-7Y-/-8IM9TS9TD1KM21/-1VI42/-QK18AEAD1EATEILYF-T5GR3Q-/-36HR8DE1NY2NK17KA1AP9\-4CL3-M3DE3/-7LF/-43VE4/-4-K10REED2/-1/-9SLNKYF2KESKFL*L1\-SA6RK22VLELPDDN1LI6ND5TE32
EMALE03_CrRC_c16A	EMALE03_CrRC_c16A_0018	82.5	554	84	11	15697	17335	1	548	4.2e-206	710.3	19164	13M1D5M1/7M1D3M1/34M1\27M1\9M1\19M2I18M1D10M1D15M1I1/23M1/23M1/28M1/5M1I15M1I1/12M1\8M1\24M1\4M2D1M1\8M1I10M1\24M1/5M1/16M1/52M1\44M1\12M1/7M1/13M1D1\39M1/8M	MSISNITRENNLDLYCHDLRTVSNDLEVANV*SISGDIAITGDVTAQNVTANVALNGQSVNLSGSEFLSPGDEMYQAVRLDKDTPLVFDVNTDTKNTWSPAISFLYGEENVDRSLYFYGGNQAGNQKVTDWQKECSMKINDNVVVQNGNLVLFQSPTPSTLAERTTEKTLISFNFGDDGLDGGQTCNIGMVGDYSVNGVEGNIIFRCQNDNSVPPSTSLSETMRIKGPKVGILTDDPQDDLHVNGGSLKATTAYIDDHCSVIGNTGTINQLSVGSLNMPTYTNLSAKFRKSPSASVTEAGQLCIEAGTDAGGDRRAGWGAITLWNGYLDGTTNGYHRISDTYKKIWQMKCDQRPANDSFILSTITPLTDPLNRPQSIEWINCDGDRNMI*LNELMFLDAIPELPLVRPTSDNTIDLGYSSFRWKDVYAGNGTIQTSDETMKNGSIVSLSEDKGLSYINKLRPVSFKFNDGGVRNHSGFIAQEVEAVMNTELGDVDGTNNAQTVIKSTVKEVDDPEYVAEEGHETLDPVPQVEKTVYGLRYTEMIASLVKAVQELSSKNDELVAVRIEALESA	13-L1LCYH2/-7-VDA2/-LS20GA1IN10\-27\-SN7LF\-18PGA-Y-RNEQ1GV1RDLWAQ1GENC1VM1MI2KN-V2KQMNAGIN4-QLS1NT1PSLTCL8A-/-15YC7/-LSFVTN2DE*G16/-15IT1ND10/-3VT1P-EA14M-/-DN11\-7MR\-10PQ13\-4-A-IST\-8N-STDN1CYSH3ADIT\-TK13ND9/-PT3SN/-1SQ1LI6RG4TI/-21ENHTHIRD2SYTSVSLF5FY10DESTIMNKDN\-AS6HD30DEFV4\-11GA/-7/-10AE2-E\-7AE4EG3PT8PA3HL2IK6/-SR7
EMALE03_CrRC_c16A	EMALE03_CrRC_c16A_0006	88.7	336	32	6	6449	5451	1	332	4.2e-142	497.7	19164	36M1\59M1I1M1/10M1/2M1D10M1/3M1/25M1I1M1/41M1D9M1/14M1\9M1\27M1\2M1\8M1I16M1I1/27M1/30M	MSDMFEVKKSSYILKDLLKKPPKVKREGNFNQYSKPKNSTHQMDLLFLPTDPTGNKYLLVVTDLMTRLADFEPLTTKSSLQVIKALKNIYQRKILKQHPFIIQVDDGSNEFKGDFTKWAEKEINIKSIRRALPQRHNSQGVVESLNRQIGKALINIAMLRQELNTGKRNTEWVHYLADLRKYLNKKRKREVPKENPEKKEIKIICQPKNKCVFLKIGEKVKRRKLDYPINPPITGEKLHGKFREGDIRYSLKVYTIGDSIIFLSNNSPPMYKLEELPETLFHKQQLYLPIFELRSGEFHPIRLRNKRKVKGKLQTYLVEWKHYPHPDDWTWESKNTLKDHQQLIN	3TM32\-18*K8LM25LQ1NKRI2T-RQ/-10/-KELF-K5GWRAKE2/-3/-5LP17EK1R-1/-41-P9/-12IK1\-9\-7DH16NI2\-VI1\-3HNMS2TM*-TYNK1QENEFLTP2RL3HQ2N-/-5*L17EG2HQ/-30
EMALE03_CrRC_c16A	EMALE03_CrRC_c16A_0012	82.4	352	58	4	9770	8733	1	350	3.8e-135	474.6	19164	7M1D17M1/11M1\13M1/19M1/12M1I35M1/1M1/13M1I1/22M1/23M1/32M1/11M1/58M1D11M1/4M1/9M1/50M	MNFNDEGVPIAHEKYKSNYLAKHNRSVLYFCEDSKNPREKLTEDDISDEQLIYSIFGKHRMRSLKARSNGRKKALIKLDKSHHDKTFNEVKLSGKSQFFPIPYSLGYDKDDSEARDVYF*LTNGPSGSGKSHFSACMLINVYRAFGYKVFIITDVEDKNKFGNATYLNINDFVDQNESFEXXKXXXXXXXXXXXXXXXXXYKKDPNTLMKMELALTNDLKPSQENKNCKLKLKFSENQMEKLFSKCVVLFDDYENNVDIDKIEYLRNHLLTKGRHWKCNLIICNHQGNAGASFKLIKIKETTNMYVVFKKGTSPHERNYLLSKYVGMDKVNIKRVSLALEKSRWVSINVTAGYVLTENEAYSLI	7-V7EK9/-IV10\-4RE*DHD1PS2HQTL/-4VGTK1AR11/-12L-1LTSFMNREFV1RL6LF9*K7RV2/-1/-3RS1AS3DH3L-/-22/-EK20DXDX/-QXKXQXFXEXEXAXKXIXKXFXKXYXAXKXKXQX15/-11/-LK8PQIM42FIVCSNIHRQ-GKN9MI/-4/-9/-TH10RG8AV6AS3GS18
EMALE03_CrRC_c16A	EMALE03_CrRC_c16A_0013	89.2	277	26	4	10744	9924	1	276	2.1e-109	389.0	19164	15M1\13M1/7M1\91M1D7M1/17M1/23M1D1\15M1\8M1D1M1\13M1/10M1I1/27M1/7M1\14M1/5M	MQLNDKNFDSFNERHSQAIFQDLRLFNDITHLWLNGSFFPTTFFSSDIDLYAKMSMSQYEKLCQNLAKFLYSELPSYLFFRELKIGKTKTKTVSQAVKMLLFESQQPRLIKAGDNWVKLDFIALIGGYYEEITIIYDLFGNSVIKPLDEVVKGYEKKDIKKYSKGRNKNLFKVLKRLIGLNTKATNQLSKSKKLTNKKLNNSDVGFIIYLTLARLEALKNVNKDSNRKQKKTFVLNNLKETVVIQLKSMFPELQVSSSEFNKLSNIDKNIQKKLTKVMNDELQRKSINI	15\-3YFTQGD7/-7\-29EKIFFL9PF35GW13-E1VI2LI2/-12LV4/-23-L\-3ATIN10\-8-FLI\-2ST1EA1HL1SA4/-1RD3TK4*-/-5TK1NT17AELF/-6RK\-14/-3DN1
EMALE03_CrRC_c16A	EMALE03_CrRC_c16A_0016	82.8	290	45	4	12971	13827	6	294	2.3e-108	385.6	19164	12M1I20M1\44M1/8M1\9M1\33M2D18M1/1M1D27M1/5M1/11M1\44M1D11M1/6M1/29M1\7M	KRLTGQAHGEDGIQKVAVVEINRGTPILENSMGGWDVGISRLIMKNIKLPLFDPSQNSVTIYFQNISTSAVSSQLVNLFAPLAESDWGYIYDYQDVCAAAINNAFAALSATLGIVDVPTFTFNPENLKFAVNSESAFRSSYKIAFDSDLYRSYMPSFDYESVADDPYYLDLANNGDTLQQSYTSTINELISPVASIAVKKSDLPASNDLLPPPFGSSSDIASVFDEAKYLIDFDVQQTNNQAENLIRHSAKLNEINEWRNIVRSNNDITNFYLKFYWIDYRNNSHLIYLDKNISVINAKI	1CR5YH3AGR-5GV8YICL3IM\-5FI5IK23LS5RL2/-7ED\-7VDLV\-6SAAFYARAHLISRA15IN4-V-NDSSEDSCA1*R4RI7/-QS-Y27/-IYPT1NTMI/-11\-1DS*D41-NFLNIKR8/-KE5/-KS6CF2YK11QL5DN\-1AV5
EMALE03_CrRC_c16A	EMALE03_CrRC_c16A_0011	89.1	184	20	0	8708	8159	4	187	3.3e-86	312.0	19164	39M1/8M1/43M1\30M1/64M	RKLENIKVQFLTPQELKALWKKNKHTKQRSPPEVILYDSSIIQSPSIEHALFGKKHGLIIFYPMRQEGNSTYGHYVSLIRNNQDHTIYFYDSLYGEKPDVGQKKYADRNLYNEENNSLIRHLILNSGYNVDFSQYPHQADPPISTCGRWALMRNRYSNLTNDQFNQLVKALQKKYNLSADDIPSLMFN	6IK2VF1YT4*K19SY1AS/-8/-11CF2IMERTQRERG1RS22\-10NK16LH1MI/-VNTS1SY28NS31
EMALE03_CrRC_c16A	EMALE03_CrRC_c16A_0008	85.4	151	21	1	6916	7365	1	151	9.3e-65	240.7	19164	28M1/53M1\22M1D1\36M1/11M	MNPKKLNIITKLKQWQKDIENLLNDESIQPMIHWYYDNKGWVGKTAITKYMHFHHDVPFSREGDGKMMKKIVMHHFKRKKELPPKMFILDFTHQNIMKRDFYDGLTRELNDGVISGSTKFGCPNVFNKFNIVILSKKLPDFKKFISEWKVKVIHI	28/-SP13TK1QA2NKIY13AD12EK4IL\-17CF4-T\-14*C1KNHVIFYNTKSF7NKTL1ADIF1RK/-11
EMALE03_CrRC_c16A	EMALE03_CrRC_c16A_0009	91.2	136	12	0	7452	7860	1	136	5.9e-59	221.5	19164	30M1\68M1\30M1/8M	MSFQFQKYIGDFEELEELGEDLVNLVLDLKQHNELQIKTLVQHIKKEKYLRQLENLGKPQKKKLKEIDSFKEILHHKIQINEQKQKNFIYIIEPYENELKNHMNKLYDTVSSVQISISASLQMISLIKRILYDRIQENT	14*L7LVTN2ALID2\-NHKN35IS30\-1DH26KR1/-LY1*R5
EMALE03_CrRC_c16A	EMALE03_CrRC_c16A_0019	88.5	139	14	2	17914	17507	1	139	1.6e-56	213.4	19164	26M1D23M1/23M1D1M1\12M1/23M1/23M1/6M	MNKEELLEELLFKQRKDVKAKKKLLYGDLKRIVKRTGKSLFGNECVLWKGQSVKKRKTIYINFYIRHNKLALHRLLIYHNFIAPLDDRDLYVHFDCENKGKCCCINHMYVRRINKREIKSIARDEERNQEMTQKEINKEKLTLR	10SL14MY-GVDIL4TKKRITRG1KS4GEMC5/-23-L1\-12/-FY22/-1LR20KN/-6
EMALE03_CrRC_c16A	EMALE03_CrRC_c16A_0002	94.5	109	6	0	880	1206	2	110	2.3e-55	209.5	19164	6M1/42M1\61M	YVVSLSGWSSECYHTHWCEKFESYKKANELYMKTLKDQAKGLTVEFLQGGDETLEKQFKEWKKENSEFNLMTEKEIDDCECGSTLKSYIKESLSFMHEYVDSDEQFDIAFK	6/-5FY3YW2TK2TS1RK24\-9DE51
EMALE03_CrRC_c16A	EMALE03_CrRC_c16A_0001	89.3	103	9	2	497	800	1	103	5.3e-44	171.8	19164	11M1D43M1D14M1\33M	MVRYSNSRVYKIYSESSPELIFIGSTTEKDLTRVLNNKKGAFNRWVNDMIDAYNPSYDIFIEGEAKIELIREEFPHCKSKKELREYENQYIERVDCVNKIEEIE	4RSTN5-I1IS*EISESSP37-S14\-14DY12EK5
EMALE03_CrRC_c16A	EMALE03_CrRC_c16A_0020	88.1	101	9	2	18322	18032	2	102	3.6e-40	159.1	19164	23M1D18M2D1/27M1/20M1/10M	FQARVESYYDDYDDTSLSQSEDAVFSTFELATRWVQYKLLNMMIVGFSDKVLTMDNVIEFCENECNGEYVDKINYDYYIYELEIDKELISDEQ*IKQIESEHRE	1KQHA1LV13PQ4-V15WL1KM-M-I/-1SF25/-7DE12/-8AR1
EMALE03_CrRC_c16A	EMALE03_CrRC_c16A_0007	85.3	102	13	2	6530	6832	2	102	2.6e-38	152.9	19164	23M1/7M1I28M1D2M1\40M	NLTADMKAYRKQYYKTHKENILKVSMSEMIKCEACNCNIQKQWKRRHENTQKHKRNQYKLENSPDSQDDQSEQSKEVDRIKKQLEKTMAKVEMLNEKLKAVSV	21FL1/-1RM5S-VCRESAICYNGC3IK10QK7-LRE1\-12GE1ND25
EMALE03_CrRC_c16A	EMALE03_CrRC_c16A_0010	87.6	89	8	1	8133	7878	1	89	7.0e-36	144.8	19164	28M1/1M3D10M1/47M	MCWPSTHAKNLKLLVNFHKEIENMKVTLKKKYQKQFDNMKHSDHTYKLCFENEMDEKDVKEMQIKNLQRNIKQAEDEYNQLYKEIIEFYKW	2GW16VE6YTKL/-1-K-Y-QSK6DH1AD/-12EK34
EMALE03_CrRC_c16A	EMALE03_CrRC_c16A_0015	74.4	117	24	3	12439	12777	2	116	2.5e-33	136.3	19164	12M1/14M1\34M3D5M2I4M1/22M1\12M1D8M	SYRLDEDLNLVGLSGKRKLLDGKQNISEKAQMLDAVEELYQGSGKTRGGFLMDLVGNIANMIKNGVEGKRWSDNPTVFQGLGKKSKKAEKPKRKVSEVYHKLLGKLMKKGMSMKQAQAF	12/-IS13\-4FLYDSA15IL3AV6TI-K-N-GIVRE1RK1*-S-2ND1/-PT1LF4NK5VE8\-5EGSK*LGM3-MCSLMQKTQGA3
EMALE03_CrRC_c16A	EMALE03_CrRC_c16A_0003	95.2	63	1	1	1448	1265	1	63	1.3e-26	114.0	19164	51M1\1M2D9M	MVNTIKMKFKKLLCWIEKKLQSKKWKDYVVNITFKKYMNKEEHILQIVSLFEMKFNKTVKLSFE	51\-SM-K-F9
EMALE04_BVI_c055B	EMALE04_BVI_c055B_0022	85.9	616	74	11	15903	14087	1	615	1.6e-269	921.0	19596	27M1\50M1\58M1D1\6M1/59M1D1\15M2D26M1D14M1D29M1\36M1\9M1D1M1/34M1\11M1D11M1\57M1/75M2D1\8M1/6M1D1\15M1/6M1/1M1I17M1\6M1D26M	MNYEELESYAGNLAIQDITPKDKKKQL*KLDGKPVKADYYKIIDEEQAHDHNTTIEILNELLKQEKEYQDKLLQISFT*YDDKLSFSISHGFFELKRDGNLYGDTYSFFDDYPDTKHRVQDLVTGFAVFYVDKPQNAGGGCDGKYINNCLYHCLQDSMGDRVPWKQAQNMKKFLKLKKKDKVPYELLDQLEEKIKANIILSGAYVRRESSMQYTETLRITLKDGHYSLTEKRTRLQKQIEGNCRHYHNEPEKKLLIFQNHENKIRAWDGATFTHVDKSKYTTLEGLKIKCPDDEDDIKEFYNMKKTDFNLLKELSNGEYNPFKFYNIIQLAEGDIFLQNFKGVELPEPIEQEEALILNKAMGGGVRYAKPGTYKNAYDY*DINRFYPHLQLTLSVPVSKPTFKRTIEELPDILKYGIYKCQIITKNKLFKANRYNLYTHYDLNAIRETMKAEIKLIKNDGWTNLMQYEGKRIQLSRLGKDYKKLYDISKKGCKVAKMAMNCLWGAISRRKFKLLYTDTLNEPLELNLKDKLRKLEYSDVYIQVEKTDTSFKAYANDYIGGRFSVFLTAKGRYNKLNQIIRQPHKKYIKYVHTDGWISSEKELDLTLSDEFGGVRLDKKGDVEIINKNIKKFI	15EQ5GD2IKLQIL\-1ML2*K1LVQK42\-NY25IYRS3FD26-G\-6/-YN45QK5LI6-R\-3IMHQ4IL2KTVLRK-D-G2LS5QTTRFLKQ8DH1QHTNNE1-E1MK6RH*E*NNKKI1-A27TE1\-3IFTYTN*M15CY13\-9-VNE/-1VESPDIREEQ19EG6HDSY\-8FLHQYL-T5PSNKQPSTLF1\-ET30IL25/-DN59FL*E8EK1DESY1-D-V\-8/-6-D\-1RG13/-QK5/-1E-6TK10\-4IL1-L1SDTE23
EMALE04_BVI_c055B	EMALE04_BVI_c055B_0003	87.7	601	65	8	4214	2445	1	601	1.8e-260	891.0	19596	12M1D15M1\9M1\31M1D36M1/30M1/4M1/19M1D1M1/10M1\17M1\8M1/68M1/11M1/4M2D27M1/27M1\10M1/5M1D1/61M1D1\5M1\28M1/23M1/31M1/57M1D8M1D35M	MNTPPELKTVLQAPYAYNWPKADNVRIAPSRIGIPYSTFFQTIAPASDAPDNGVGQITFNQPLGNLTGGAPRLRIKFTAEINTMADLNNKIGLKSNPVNRSLPVAVIINMNGKTFTSYPAQLIKLHQYNADPLELALLLSPCSMDVDEYTKIENDSLNNPYRTGIIDSPDSRMSRGFLGCNYLYHIQPKKDGDTYTTKIDFVVMDEALVANPTQYKNIKDPVPFRNLNTFKVILDGQFKPENLIGISNDVPLPDDDDFEVTISGFKIEMLVQTNWVAPLEIGDIQPKTIIYNTPLISLEGNKTKTCINDRAPYKKQEELRTQHFIETHSMAMNNVPSMFAVMVSQDWGQPYKFYPDQ*LAGITK*LEIKVDSDVGIFRELSQEQLYELSSANGYNKRFSCFSGALANGCQVHAAADDAAKIKKAIFGCAGSVIVFFRPSDLGLKDYHVLANANKSINMQVKAHTFVTPNDVGSPASYKLEVFSIRDINLTYSFEDGTFMDDLTLYTPDQLLKSPLKLTVDDNNKLMRVMGGSFMGDVMTNFNHMAAHPVTKTVTKLLRNAGPLKDYAGDGTMMGNIASVYGYGKKXXXXXXXXXXXXXXLGSGKKGGKKLSDKQLHDLRNL	11KQ-A11AV1RILA\-PS6CS1\-6VA1ID22-PHRIL10VM23/-10YP2FL16/-4/-HD9ADPS2IN3CT-GMI/-10\-17\-1NT6/-8AT46LV12/-5FL5/-SP1HT1-I-Y2LP24/-TR26\-8NDHQ/-5-K/-51GD8LF-G\-5\-7VG20/-5IN6*SHY*K3VF4/-YN7VGLTYFGM*DLDTLLTIL1STRP11/-RD56-A8-XKXQXPXLXEXKXEXRXEXKXLXFXYXVL12RK8
EMALE04_BVI_c055B	EMALE04_BVI_c055B_0002	86.4	587	66	12	2390	654	1	582	5.5e-238	816.2	19596	30M1/83M1I1M1/20M1D1\10M1I14M1/3M1I75M1\5M1\7M1\11M1D1\10M1D3M1\73M1/15M1\9M3D1\19M1\7M1\3M1\12M1/32M1/27M1/6M1/8M1D9M1I1/26M1I1M1\9M1/11M1D1\21M1D13M	MSISNLLYGNSYKLTCAGLDAGKNKITNVALPPVDDYDCPNKAYVDSQIDSHSGTLSQVLAAGNDGNGDDMINIGEIQANTLSLTAPLTTKSVIITGEPIAGSNTKSGIRFPNNDQPIYMESNFNGSLAYSPGLLLSWGQDNSDRSIYMYSGNKAGNQRNNDFFNTTYSVKVGENELVSNMNNLVLFKSPTPSTEAQRKTPHNIIFNDGDDGLPDGKTAQISMVGDPTSGVKGNIIFSVQNRGDVVPRGSVFSETYMRVRGNRVGIMTISDPGAELEVVGEVKNTDTLYVGDHSLVVNNAASGQLSVGSSNQPTAHLCARFRSPAASPSESGQLFMEAGTDAGGTRPGWSSLSWNGY*LNGSTGYFRTNANKQNIWQMKVDQRTGDISFSINSLNPVDPLTPTTINMWLNCDGAFNAMLYLNSMMVLDALTQPVVRPETDNTIDLGYNTFRWKDVYSANGTIQTQSDLNKKKDVNDLTKGLDFINTLRPVEYNKFKENTRSDRVHYGLIAQEVETVFNVNLGDSDLTGNATVIKSQKMIPDPNFIPLQSDGTGTIQKKTPLIEGEGFDYFSLRYTEFIAPLIKAVQELTAQNAALVARVEALENA	13*L6PA9/-3YD55QK1EV4DETP3CS3LSRG6V-TD/-1NI18-S\-10R-IM2SG7RN2/-1YN1L-55TS2RGVD3VG2RGVN1LI1FSLVLQ1\-5\-7\-IMQRLV4AV3-T\-4GA5-G2NK\-73/-11PA2LQ\-9-T-G-D\-1MFFSCI1CSFLKN8PTPILN\-7\-SN1LM\-FY3IM7/-TP13*YCN5AD10/-TS19MT3LV1IY/-2EK*E2/-TS7-I7IF1K-/-GN24TIR-1\-YQ4EG3/-11-Y\-8SA12-NSAGA11
EMALE04_BVI_c055B	EMALE04_BVI_c055B_0024	81.6	640	101	15	19014	17136	1	637	1.4e-233	801.6	19596	6M1D1M1\14M1\4M1\39M1D1\62M1\2M1D2M1/12M1I1M1\17M1/5M1/28M1/39M1D1\32M1I12M1D62M1\19M1D1\29M1I2M1/13M1D24M1D2M1/9M1/15M1/19M2D1\17M2D1/23M1/10M1D35M1D31M1\37M	MSNQNINNHIVFSLNHLKSLVSQKNQEE*EAKAYIEKFFFHTTVGTFFKDALHNQWTLIHEKNLKNFISLSDIDNDKKGTKNFNARKYLNQSEFMGKTYYLDVIPNSPDQVLEKEVTVKGIQYNQKVLNMMCAEHLHDFVSKIPKFEEFEDSYTKAQCKLMLDHIKTVWAINNDDDCMYKYIIQWLSHTFLGHKLETFLYLHSMEEGTGKSIVYTFISQFVLGHMRAIMTSTPGHITKWTKILEGTISLVNLNEMPVSSDYKGFNEALKNLTTEPMFFPEDKGDKFYRQKNTFNFIINSNKEAIQLSADNKRRVVSLDINECYINNVSYFEKLVGQCYNKECGKCFYAFMRDSYRDPKFKANVKPLTKSYAEGLQQKRQPLHIKYLKEVIRKGTDLQLTCDGFYADYLSSWCKENKRNPSDKLALGKSLEQIEGIKRVRKSSKGVRNYV*YEINIQVMYIDYFKTQDYINEYDNIFIVEDGKVQTIKHKDTCDFIDD*DDDPDDHKRSIADCEKIIKNQQAEEIEKLKKLLEQHQLNKLSILTQEIKKEVEQKAPVEPEEIESDSXXXXXPKVKXXXXXXXVKTKKISMRAAAVPVKEEKENKNITSTTVQASKIINPELKKEXXXXXXXXXXXXXXXXXXXKPTTIKAKTAKIGISF	6-N1\-14\-SN3\-4*Y1KETK8IT6QH15-S\-61AC\-QE1-L2/-FV8GF2*-1\-17/-4ED/-15PH*KIL10/-39-T\-29CF1HP*-REEDRKSGEDRKLFSY3HN-T38GETK19KDLSRY\-1TP10EK6-Q\-29V-TD1/-3*CLK1KNQK2LP1ED-K1DA1RGCKKS16TVKR-NLY1/-LY2YN1LQEV1TY/-5RQ1DY2REVYRDYN1/-1LV2RGNK13-D-D\-2YDAPRDQD6VD4-I-K/-KQ5QE3*K7KN4/-4RK5-K5DE5KS*X*XCXRXIXAP1GVQKTXSXTXKXIXKXPX3*K2NS-MER10IE12EK6\-2KXKXTXRXKXPXRXAXEX26
EMALE04_BVI_c055B	EMALE04_BVI_c055B_0023	90.5	357	30	4	16017	17077	3	357	5.4e-161	560.5	19596	9M1\70M1/4M1/33M1/5M1/15M1/37M1/24M1D1\4M1\57M1I1/9M1/6M1D4M1\13M1/17M1\4M1I42M	NNFWLKLAQGDLGFDKEEKILKISKDPNKDSSPNRVHVPVLKLNVQQQADVLYLPADKNGFKYVLVVADYNRKIGAYPLKHTLNGKEEIVKAFKEIYKNDGLTPPAIIQFDNGPEFKNKMNVVDYSFKSKNSSIKYTKPYRTSRQNGLVENINFIIGKLVGVYQNKGMLKNKQFKWVDLCLPDIVRVYNKSQENVKPPDKMEYPKMCKGDGACELLKVDDKVRIPLEHPVHPKTGEPYPTKKFRSNDIRYDPKVYEIENVILKPNTPPYLYMVNQKDRWVAYTKKQIEPLENNEVESESEDEEENELPDGVYKIEKFLNKRKPQKGKVQFLVKYQGFEEEKDQLWQDRTFLISELGTDQFKELERDFKK	1KN7\-7VE60FL1/-1SL2/-10IY1MNMD19/-5/-7VI7/-NS27TNLK7/-ML8*KNS8EK4-K\-4\-13SP24FY2*K5KN9F-/-9/-MV1IYRT2-Q4\-2QE10/-4RG4AE7\-3NKT-26KE3EDDQLF9
EMALE04_BVI_c055B	EMALE04_BVI_c055B_0009	95.3	320	13	2	7773	8727	1	319	9.7e-134	469.9	19596	8M1/9M1D7M1\17M1/1M1/11M1\6M1\9M1/14M1\164M1I1/34M1/38M	MDNSLRNFYLLNIAIKRGEQYKARAERASNNDELFKRGVDESLRRKREKLKQEVVLEKFFERDEY*KPLDMILREHSRKGQEVRGLIYSSFFNEFKKPNPSFEILRGQIKRLNDIVLTEDLPAATEEAIKNYMTGFKEKLIVPFGTSPQFSDKHQERLIGYVSDLLKIIGKKDAPNSQLDEEVQAMERKTKDRLIEIFTRDGNGKLGISVPKKLILLGDLGFDTSKFSNSSPYEDINKYAIKQIQGIPVKSATPAXXXXXXXXXXXXXXXXXXXXXXXXXXSADNDMLPEMDAARLHEVITSDSEDADDEDVKETPAAGPAKWFTALTP	8/-1*L4TKCRAG-E7\-17/-1/-11\-6\-9/-TS4KE8\-45*K4LV2AG47GR62X-/-34/-6VE1SI4GE24
EMALE04_BVI_c055B	EMALE04_BVI_c055B_0014	84.0	213	32	2	10598	11236	1	211	7.8e-91	327.4	19596	80M1\16M1/12M1I17M1I86M	MEISSASATTSGITMALNILTPLAVHTYRSCIRPRIRKVQNIRKQVLLLPPKGGKGFLYNKLKNQKQYMVIDVDEYLTSLDVTEEELKRLKNAKKNDHSFFELDLLYSSCADKVKTFVKTQMKNNKKLKVLFLSSSYTWASSFSHDAVCIAAPDSEFFNKILEDHDTEKREAIRKGRESFLESLPTKSVCTTYHSYEELEKMIRNRLNICYAV	37TK1HQ17YLIY1NKIL1KN14ASWL\-IVHT*ERE2EK6EK2/-8SYTSAS1W-QA5LF*V1LTKQCMTK4W-28GE20GR14NTLYSH2GE12WC3
EMALE04_BVI_c055B	EMALE04_BVI_c055B_0008	80.9	236	42	2	7700	7007	1	236	2.8e-88	318.9	19596	11M1D1M1/10M1\90M1/11M1/30M1/8M2D36M1/26M1/10M	MKLTQRNIKKFNKLTNRSILNQLNFFEHGKTMRLNGSYPLSLWATEFSKLKIGDKPIRNIDDALKVLKSYTKVFNLLNKTSMKWLKLDLFLFTGEYLEDLTIIYDFSTSTNLADEIDFKKLFYDEFKYLYVKKKNYVKALKRLNKIENKFDDILNDSFWIGFGYLTISRLKSVQDSKMNSKIKKFVLSNLKEDIFIKLAAYDERLISNGKLKYLSDIPKMINNLNKKLNDKIFISSVDLSKYN	11-NRK/-10\-1KE1DG7CS78/-1LF8NK/-4TK13KEINIKMF*DCD3ED1YF/-LIAGLF1IYCLHTLI-S-RFL6TKVM1TS1NIYK1TFFV1YSQNIL*KKERDYI1YI9/-NS5*Y3SI15/-1FS8
EMALE04_BVI_c055B	EMALE04_BVI_c055B_0007	89.1	192	20	1	6799	6229	5	196	1.9e-81	296.2	19596	39M1/17M1/15M1D1\7M1\17M1/7M1\14M1/67M1/8M	ELKKGYPIAENKTLGRYSKSKLIYFDPSYEMDDDEGTDYFFHTNGKDLLEVIPPSIQIDKEIDSDRYFISGQSGVSGKSTFVYVQLIDKYTRAGIKHFFAKITDKPDRPRFGKIKYLDINDFVFIPYENEDEEEKIKLYEKEKIKFKHLKKFLEPEEVLKEELRINDLKVKKGPKKTGYQLRFSNEDIGEILFKDSVIFF	39/-1SH15/-5NS7PQCS-G\-FS2YS3\-IV6ST2EGRI5/-QI6\-14/-VI10SI*KILLY4SI6NK40/-1NKND5
EMALE04_BVI_c055B	EMALE04_BVI_c055B_0004	84.6	208	29	3	4944	4330	15	222	9.5e-81	293.9	19596	30M1D34M1/44M1D1\8M1\4M1\25M1\9M1D5M1/15M1/16M1/15M	DGYMYDYVDVGTAINETLSGLCDGIIGEEDIPVFSFDKHSKKFEITTSENFRNGHFIMFNDDMRVSDFNSFEFDDIDEEYSLVILNEDVETQDASTLEFLTPISHIVIESNRDLPVSYELHLPSIISKNTTISDNTGVFLTNYKYLQQNNQGDYNSILYRAENSSNKSYHNILQTDFNRFNLSLFTIYDYDNEKHPLTLHLPQTVIQLKLLFESID	4CY1NY23-I19LF12SRSV/-QDLFTNLS13LI26-N\-3LVCS3\-IL2MI\-7FD13PQKNSNIQ\-9-ERNKSPSHN1/-IY3FLTQNT*D7/-16/-SP14
EMALE04_BVI_c055B	EMALE04_BVI_c055B_0013	81.5	211	27	3	9935	10552	1	201	6.8e-79	287.7	19596	46M1/13M1/5M1/15M1/5M1D20M1/17M1/33M1/1M10I6M1/3M1D16M1/19M	VNLINFYISLQKDFNKTLDNLEEQFLKITKDFKEDIELTHFLRDNKTNNKDYYLITKAADVSVSGCLFSITKFKTKLKNFRV*KENEYKDMFKRCEFYNLPADEFIKTVKKNKNDDILFYFDPPYFN*SNNTDYDNSFRDKNKYYDGTSIYINILEIMETTMNLKCLFV*LNKIDVINYIFKKFIYLEYKDGQYQNISKKPKHHIVYKNF	22NENQHFFL1VI2ED14TK/-13/-CS4/-15/-IK4-KND19/-3KN5*Y1ED5/-LSENKN5TSLFERID1TN*KNY17/-1G-P-V-Y-*-V-N-P-*-D-6/-1IN1-I15RK/-5VI2RK10
EMALE04_BVI_c055B	EMALE04_BVI_c055B_0011	79.8	218	38	6	9060	9696	1	216	5.4e-76	278.1	19596	20M1D9M1I10M1/7M1/30M1/27M1I30M1D10M1\1M1D14M1/2M1D8M1/11M1/33M	VKDIPEGFRRINKPTLNISNINQNLKEIVKLAQSTYNNPVKKTLEGWKTNIYSTLRLRVFKKNNNIVIAVRGTDKFNQDIDLNDDVAIVKGTLSNSPRFLELKKVYEAAIKQYPNANIILTGHSLGGGMIIELSKFYPVKAVLFNPAV*NFNNLRSSKYNLKNIQLTHIIEHDPLALITSSFLPNVSKYNKFPFKLTGTPSDHLKAHELKTFLGGRCRCKTKK	MV15KN3-I5KE1GVNK*-HL1LQFS1SY3IV/-7/-24HD2KNLQ1/-YD22VK2DEG-13ITRGLHPS2RG2HI5IFFY-PIV1GAMV3HP2\-1-FSN1IL11/-2-I8/-NT5SNFVKSMKIY/-19RKAT12
EMALE04_BVI_c055B	EMALE04_BVI_c055B_0017	79.5	190	37	2	11788	12349	1	189	2.1e-59	223.0	19596	27M1/20M1I13M1/23M1\11M1/4M1/9M1/18M1/20M1D1\34M1/9M	MSNNIKFQRRFNKEEKPEAVKLLTPEE*SNIYFKEEYGKINNLEVTNFLLXXXXXXXXXXXGXXXXXXXMERLKRDFKALSSKVSKNVQPLEVSGEVNKQDLNKLNQNNILS*LDKGLKFVNELKAVKFKDVDEGNDHYGLVKSEVEKISKLAEGVNVELVKENNHLSDNLIPLLIKSIQSLSKRLDV*LEKGGPSWN	5*K10AP*E9/-IS3IF15P-1TLHXDXLXNXCXKXKXIXKXCXDX/-WXAXSXSXAXFXKXRMNE14\-9DELV/-3IL/-9/-14IK3/-CD19-A\-NG1SNLV23YLWS1PR3/-9
EMALE04_BVI_c055B	EMALE04_BVI_c055B_0019	78.3	166	33	3	13305	12820	1	165	1.9e-57	216.5	19596	11M1/25M1/18M1D10M1/27M1/10M1I1/6M1D28M1/28M	MEGRRIYKLHSRTDHENVYYGSTKHPLNQRLSKHKADIYKQWLVKGGTCTTSRVLFERAATPENVKINELMEEATELNYLERERYYIDNYKCVNKINIPSRTVKEYVCKQYYQDNREQLLEKIKXXXXXXXXKLRKKNICELLCGGSFTHENKSHHLKSKKHQSALNREDL	11/-1IDTHTECNIVCY4RK4*Q8/-15SVILIF-E*R2STRP2PV1MI/-27/-DN5GV1KE1G-/-6-DTNTR1TQIL5EXYXNXQXTXNXKXEX3QK6/-IC27
EMALE04_BVI_c055B	EMALE04_BVI_c055B_0006	67.6	182	56	3	5791	5253	9	189	6.2e-56	211.5	19596	19M1/42M1D1M1\48M1I31M1/3M1/20M1D7M1\8M	KLLLTALSPQELRDLWHSTYLPNETGINVIDYDDIINCKNINGLFRNDNKLIIFYPNHQGEFLFWGHYCALILGKKEGTIYFFDSYGGRPDVDQKRYSGTQRKDLYKEEENSLINLLLESGYDVDYSHHKLQSLTNNSATCGRWFCLTGRCALKNLTNDEFAQVIKSLSKLKNISPD*EVVVQTFH	EKVL1PLPT1PLNS11/-10ND5KNSCLKKNLIMNDGYLLF15SEYF-LYF\-13QTFIIY1LF1ISLYRGRG17KYEKDEQEKEKNTSAL*-LI6EG10LQ1IL9GW/-VC2/-4EKKNFLNTKNRD2PA1GVFISK2GS-KILVKSNYI3\-8
EMALE04_BVI_c055B	EMALE04_BVI_c055B_0018	82.0	122	16	6	12403	12757	1	119	2.9e-37	149.4	19596	21M1D24M1D1\27M1I2M1/1M1I14M1I1/17M1/3M1D7M	MNYTLDDNFNFVPMGAGTKTKALLNRTQKHKGTLAADIKNFEQTGQVGGGFLLDFLATGVNMIKNGIEGKRWSDNTVFFKGLGTKPKAKRKASPPAQKRRAELIKKVMKKYEGVSLPEASKMI	3ITML13*KQT1-A1FL*N10SA10-V\-7WLLART14CSED1V-2/-1*-14Y-/-14EK1AY/-2PS-LSP6
EMALE04_BVI_c055B	EMALE04_BVI_c055B_0016	84.4	96	13	2	11456	11739	1	95	8.2e-32	131.3	19596	24M1/9M1I12M1D1M1\20M1/28M	MRVYSDIPQHLKDFIEFLKNNKIKIDFSLYAFMGYLTLFRKPEKTKQYIQSEYINKLIKDYKRFKSYIKLSSILQTNDYNSSESSESDSDSIESETIF	1*R1FY19RK/-6LFIM1I-MY11-QHY\-LQ18NK/-7VDIYIN5AE12
EMALE04_BVI_c055B	EMALE04_BVI_c055B_0021	79.5	112	21	2	14032	13707	1	112	1.1e-31	131.0	19596	3M1/8M1/12M1/16M1\18M1D11M1/11M1/10M1D6M1\8M1/7M	MNKVDSQPKKRVMNNTPEYNRMYWHEKMRVEKGKTYCEHCDC*KVDFLGFKKHCTGLKHRLKTDPVFKKEYTIKKKIEQKIEKLKINYLEQSDHPRSKATLNRTQLKEAEDE*LERLKNE	3/-SD7/-YNDN5SR3QH/-RK15\-5RGPF7NKQH2-KSTRD1CVIF*KNK3LI/-9PL1/-10-S*K5\-5LE2/-IL6
EMALE04_BVI_c055B	EMALE04_BVI_c055B_0005	89.7	68	5	2	5203	5006	3	70	6.3e-24	105.1	19596	5M1/12M1D43M1D1\6M	QYIWLMNETIKSNKQSAGPRGSYKRPVSVDIFRSSTILDPDKNYLLIVEEFHLHKIRLPLFKPRADMTIK	5/-12-P2AS6AV2IF8VD18FL2-P\-6
EMALE04_BVI_c055B	EMALE04_BVI_c055B_0001	98.1	52	1	0	158	2	1	52	2.6e-22	99.8	19596	33M1\19M	MEIYKIIPRAVTGHILRWNYKITRKIKPLGVSRQRVDITAAGGYRRSENFGIF	1*E31\-19
EMALE04_BVI_c055B	EMALE04_BVI_c055B_0015	93.8	48	3	0	11286	11428	11	58	2.1e-19	90.1	19596	34M1/14M	MIFETLRELEKFRYYFIDDDKKKAWKSLKQMNYLLFKQLYYKRNFGRLV	IM19*K13/-IF13
EMALE04_BVI_c055B	EMALE04_BVI_c055B_0010	80.6	62	12	0	8796	8980	1	62	1.8e-18	87.0	19596	24M1/11M1/14M1\13M	MDRDVFFNMKENVTASRQPKAKELKNKLLKTKWSRTVRFTHDEWNDLWQHIEKSMQVKKDTRRRK	5HF1DN7AS6RE1/-KN4PT1LW1KRNT/-1DFLT8IQ2\-13
EMALE04_BVI_c055B	EMALE04_BVI_c055B_0012	92.0	50	2	1	9743	9892	1	48	3.9e-18	85.9	19596	10M1/9M2I1\29M	MDRFILNWKGKNKYQETKKYVLKTFIENNNFDYVAEPFGGIFGFHIYIIN	10/-KN8*-T-\-26KI2
EMALE04_BVI_c055B	EMALE04_BVI_c055B_0020	82.1	39	6	1	13642	13530	3	41	2.6e-09	56.6	19596	3M1D10M1/25M	EDNTNHTVQIKLRTNQSFLNIFETAPDSSLEILKEITKHL	QE2-T1KHPTLV4KRNT/-25
EMALE05_BVI_c001	EMALE05_BVI_c001_0002	83.7	1078	157	18	4638	1463	1	1073	0.0e+00	1432.9	18659	11M1/2M1/16M1/17M1D1\47M1/61M1D24M1\1M1D16M1/24M1/6M1D1/66M1/39M1/6M1\34M1I34M1/3M1/9M1/10M1D1M1\9M1/6M1\37M1D20M1/10M1\20M1I4M1/23M1/19M1D15M1\5M2D9M1/9M1I1/11M1I1/19M1/85M1D1\30M1/5M1I1/19M1/5M1D4M1/14M1/1M1/6M1D1\18M1\46M1/15M1/119M1D1\41M1\1M1D7M	MTTICPYKRKIRKKPLESNAEADIDSVLIAQTDIQYPGRKTISKCYAVHSSLDKVKELIKTNQQLYELVQEKTPVALYFDIEWEGGFAPLNPPRGADAPXXXXPTVEGAGSXXXXXXXXXXXXXXXXXXXXXXXXXXXDGGDRLGKILGAINESIEALLGVKNAKAWTLTASRQEKEKYKHSYHVQHYPGIVFRNINILHSFMYSKLLERMYSNPENKDFLFSEREPVIIDCCVYNKGWRAFRLPGQSGLGKNCPMTSTTDEHLNIHNYLINKSEHTVAFDEVPGCKLSKQTLRAVGSCPHTTEQPNAFGKVGSTHARGFTKPIKKSTDRVATPTLPERGIGLHNKCLHEAVFPEREEVIPLSAIAPESTYFMWMQCAYIMKNSGAPFELFHLWSAQSTTNYKGLEDCQKCWKNVSKGKPRTIAVSLYYIANKTINPRVCGEMTKIRREYESFPVVDFFECPTTQRYTERYLGKIESDSRKVFISANLGCGKSHQIKEFIKENPDLTYAVISPRITYSEAVYGSDLADCGFETYSRDKYVELSTRKRVICSIESLHRLELDSKYDVLILDEIETILASITSETTNYREYDANMKVWENLVKKAKKFFIADAYLTHRTTDLFFSRIPGESHAMVHDWRTYRPKTMLRSYEDPRDFLEKFRKELALAGKRIYMVCLSKKQCMLSTFAPFLKENGISHLIYHQQSGDKRKRELQNVDEVWTSVQVVLTTPTITIGINQSKTVHFDHRFIYTGSHSCTPRDTFQAMWRVSRETTTSVDHWYSDKRTNTVGNKGEPLTHAA*LTEFLLIKKRWDNLPNRIVSEPHIRIHLAIWNRLEEFNISNVAFQKWFQAISIREERLNYSDIQVVKNSNEDAINSIKVELHVEYDDIPVLTDDEAMRIKLAQQIGAEEETPQMDIIALRKYRFIEAFLLGNDGLPTTTDFKPASADLWKHCNQGYNLLPIKFAKWAIEGLPEALLNPKRDIFYRDTVNQFEVMQALKKFLPDTRGEMMTEDQLTGLTDYLTKNAESLRALARIGTRKADLKTPIKTLNAILERFSLLTVESSQPQRVNGKRERVYTVVSEFEDTMAFIEKTTVPPVDLESALFGNPPAEVPWKYE	3VI4TRQK1/-2/-TL14RQ/-ND11SC4-S\-30DE10EPGR1LARDIA/-PXLXNXPX1STWVRE1WA2VXEXGX45WG-VSK15RK7\-NH-Y9LI4KM1/-QK5*YQSQN1GE3LF6AP1MI/-6-K/-11IL1NK9AEYH1IN38DE/-34VG4/-QK5\-7MI9AT16G-1LFKERL13AG5NKSC3GV5/-3/-9/-HN3SC3PTRK-INR\-9/-1QE4\-5SYSLVG2QE26-N1RDPL14AVLYWG/-ED6AE1HY\-4GV2LSHTSRQKAR5SE2R-NH3/-TDQSSK1AD3SL*DREDINEATHI8/-7*NHMEKGV8-K1VF13\-YF3FI-P-GME1AHTAIM1DH2/-AT1KR3IM2S-/-IY9LFT-/-11KM6RQ/-6RP1FL5PS19ADREGVRW13SI16IT9KT6-V\-2MTMT26/-5H-/-LI16SI1/-4CW-N2KEQE/-INFIRS4HQ6/-1/-QE5-S\-10VALI6\-YHLVDE3TI3ITHDLD5NKSL26/-VL5ALYPHTDTQTFDNF2/-11FY15TP26TK16DG24WL22-Q\-41\-1-A7
EMALE05_BVI_c001	EMALE05_BVI_c001_0014	89.8	605	52	8	14026	15816	5	607	3.9e-265	906.4	18659	30M1D1\10M1\3M1D7M1\45M1D1\49M3D1\109M1/10M1\7M1/7M1/7M1D1\23M1\39M1D2M1\20M1/33M1/17M1/29M1/43M1/37M1I3M1/27M1\5M1\9M1/12M1I1/12M	MPTTKMLVPETYRWQTPENAQFGARLGNRAIQNHNRISSNEALGSVTEGTVSFDGARIPDGLVDSNFEKGMDLVLRYTFPAGVVAGADRAARRASMLALFKGDKIGLQAAAGNNCIDVAEVQLNEFSTTTRVHDMLQIHLNSTSYEKLAMATSTTPETDDYDIFAANVLNDPLKAGASSTSVGKTRGVGGAYNYEIVPNVATDTDYQIRVRFFVNDLLMANPLQYNNPRLAQPFKDLNTVKVTLQLGDIAARCANLNPEIVPAAAGAAALGKGLVRVDCISAVIHTLTVRS*WNPSTALEDIPESLAWGSPRIQRISNDRHVVSCANVISPPLESKTFTMTGVPNMLAIYVERPRLLKTDAGVDIPGHTEWAFPNRFCPIQSVSIDIGKNKTDLLGARVTPTELYKISTGNGYSKREATFAGFIPSGIGSTQRGAGSIFYYVRPSDLGLTDEIMNGSGETIDGIVRVTVKVGASTDEVCYLRVFLLYDVFVYEEGDVFTEWRPRYSPATLLDSESFVFTDDSSQMNAIMGGWSIPRPIQNAWSSFTSWLKTPRVRRKAIRQARNHPIASAYVGDSSLPGGFAKPSMGYGRDVSGGDVLRHTAGGKPSKKGLGSKLTKKQLMAMLT	30-I\-10\-WG2-T6ED\-6PL17RP3FVLAWGDAPD11LF-K\-49-T-S-T\-2IT91TA14/-10\-7/-7/-VW6-E\-7AG5NRMIQSSNPDTR1MV*V1\-1DN18LM17ED-I1SG\-9YC10/-EN27TAVTIF2/-LIRP5YTAQARRG5KY/-29/-15HY21PT5/-VFFV33KT1T-1EV1/-2YI24\-HSLM3\-5ND1PL1/-ATSA6*K3Q-/-12
EMALE05_BVI_c001	EMALE05_BVI_c001_0007	85.0	446	59	7	8819	7493	1	440	1.5e-192	665.2	18659	28M1/1M1/7M1I64M1\15M1I7M2I30M1/61M1\27M1/15M1D8M1D1\12M1/28M1/24M1/5M1I76M1I17M1/13M	MAFDMITYSPTVPAYLKSVKTVDDVEVGDGHTLTCDKLIVTDDTRTNEGDLVIQQGDLILYESPAIPDPGERVDERKIVFNLGDSGLEGATCEIGMKGGTNGDVQGDIIFRCQTGTEVPGSTLQEVARFKGADLGIGTVIPEAKLDVAGDLKCETHALISNAYTPGDFCPLAINAPGLSPTAPGQMFFEAGRSSSGANSGFSVLNFNHFIGNDGDKFSPDPTKMGWRVINDTRSTADKFEIDSLELPAGGVPGRGRLWLQFDGVSGGTSIGCAGLVIDNRPEVPLSHYIRPVDDNVWNLGASAIKWKDIFSANPPVTVISDRNQKKNITALPDNRGLDSFINALTPVKYRFKQGTSNRFHYGLISQDVETLMSTLGDSDGTGNGMVVKNTTMVDDPDWVAPDMPEGELESTYTPPTPPKVAREDYGLRYEELIAPLIRKAVQQLSARVDAL	28/-1/-4ED2H-LIYVRT*DQD24HD2SEVRLVTDAEKRGKLIYV23\-IV11PT2I-7G-M-FVCATRVFQK1RARD5DV1LPVE13/-61\-20LFNELIFDPSRLAE/-TP14-D6LSLI-G\-7LR1WEGVDP/-17VA3*K6/-1WV14SLTPGD5/-1MI3S-STSP14NY6EVAE1FL3ML45D-SATRNE14/-13
EMALE05_BVI_c001	EMALE05_BVI_c001_0015	87.0	384	46	4	16009	17144	1	384	2.0e-157	548.5	18659	41M1\8M1\1M1D8M1/25M1/7M1/10M1/7M1/16M1/27M1\20M1\1M1D58M1/95M1D1\8M1/5M1\8M1/4M1D18M1/13M	MVPPLTKTQEDGLYDLWYTRGFTFGRDKVWRKANEEGLGVSTQRQVTEWLPRKQETYQMYLDRPKRPRVVRSTIVRAPQRVMGIDLALDVRLIGWTDGIQYILTGITDLFSKKG*YARALLNKKADTVAEAWMDNLLSEAHGIRSVRSDKGTEFINQKFAKAVLKRHNVKQILSLPGKPQKSNGQVERFNGILKEMIRKSMRAKGTRDWPSYLQELVDVYNNSYQITIDMTPNEAHALEDEKKREGVVARTKKRATALATPPTFRVGDTVRVVKSAVANDGEKWSKTLHRVEKILRPSTPFGSTVYRLSGAPYVAKRGQPRPDWVGNKYEEDLQLVERLVENTRDSAHPRWDIVSRLLKKQSGRDGEPGWMVKWTTGETTWEPVENWLKRDVPKMLKDAE	11*G9VFHTYF5SW11\-8\-1-KTQVE6/-25/-VD5GW/-10/-HD6/-IY15/-2TNFLML21YF\-RKNAFVDLEKSR11EKSPPQ\-1-N13MILRGKRSAMCR1QK1ET1HD33/-1GR55QP13LV4PQ18-R\-LV7/-3YD1\-8/-1YD1HE-PRGTWLM15/-1EK6VL4
EMALE05_BVI_c001	EMALE05_BVI_c001_0013	87.5	303	31	7	12981	13874	1	300	1.0e-124	439.9	18659	7M1D30M1\10M1I1/42M1\49M1D1\10M1I1/25M1/2M1/24M1D6M1/31M1I5M1/35M1D20M	MAQYTSEHGHQIFVHAEAKGGAGREVPSVAYVNRASPILLNEDKAYRVASIERFYLHGVTLPLFSCDKVWKIGMRATGGSTVVETVNFGTDELYLYDLRWLATHITTTMASLASTVGCDAPSMSYDPASAKFTLTTTGAFRAGIYELLFSERMKRWALNSFWFHPTMDEDRMYQLVLSEDMDEFVQGTSTIELLSPVSRAALRTTSLPVVPELIPLPLAGEDPGEINRRETGFLVDYNISQSSSQSTQGILFLTPPGFLRWHNLMTTSDLSAFSISAWWIDYKGNFHQIYLPVEDATLEIYMIFKDTLF	6AE-H2*Q27\-1HN8*-/-29YSYT1IV9\-5GR21AP2PSDY17-G\-10*-/-TW24/-HD1/-5YTDI*EVL7SA5RL1-VGV4SP/-2VAWGIE9NT16D-5/-PT14ED13TK2SFTHRQ-IDY19
EMALE05_BVI_c001	EMALE05_BVI_c001_0011	86.2	297	37	4	11509	12387	1	296	1.1e-121	429.9	18659	70M1/21M1/3M1/38M1/17M1D11M1/19M1\1M1\7M1\48M1D12M1/1M1I21M1D24M	MFAVNGEGDSLASIVSKGGKSEGILTFDRKDRSSAENSVEAVNGMTFQPIPLSITGERERDVTYLSGQSGASGKSYFSAELIRQYRKAKRSVSFVIRTDIPDKKFEPCTYLDIDDLVGIGTSYLEKFAEYKHKMADVFREVKKELSPEERIEMQKNIVAPPIAGKKNKLELKFTEDEMATLFHDSGVQILFDDYEKNNADIKLISFLRDHFLTKGRHWNASVIICNHSTNFGRGAKLIMGETTNFVLFSASRKRERHIYFYTEYMKWKKSEITPIERMLQTSRWIYIDAKNDVVLSERKGIFLDG	54AT15/-1AG1AS1YF3PL3FY2TA*K3/-3/-ST37/-RV7SL2AE2MI2-Q11/-EN18\-1\-NI6\-2EA25SCTNIHRS4CR2RK5PT2-FLV1SFPS4LR1LR1/-1T-XFXYXTXEXYXM11QR3-T2LW4SA16
EMALE05_BVI_c001	EMALE05_BVI_c001_0001	88.6	245	25	3	725	1450	1	245	8.1e-114	403.7	18659	15M1D74M1\38M1D25M1\41M1/3M1/3M1D43M	MRLGARLLEKTFSPDIVEMTPVSYLTKLYGKGSYKYPKHCWFRDKKTGGKSITKVYEEALDFYAQHERMKDGKYVDRVSGDTIDEKFKALFFREIDEQDLTLFALYRAIERNDIKTVKALAPLKIRKSQRWILTEAILTTCTNEGAELLRWIVRNFLKMTSRDRQMIFYELCGNGHLELAKEMYEMFDETPVISEMT*MRA*CTYRNQLEVLKWLYTQVGFSEAFMADLCKMATMLKRDMIVEWINGKI	3VG3FL7-IMVGE4AS25KGMK8TA3WY13HR13\-8SLATFLCF1CL24-R24TN\-15VC10IM1WE2EDQEST3TS3/-3/-VCNT1-R43
EMALE05_BVI_c001	EMALE05_BVI_c001_0004	83.6	275	41	3	5965	5149	5	277	3.4e-112	398.3	18659	37M1/53M1\29M1D33M1/3M1/46M1/7M1D29M1\17M2I17M	GHWLYEDLRKIDTIAETTASKYWYALRNGVVGDIIDDADAMRETVMKDTQPTRVQRMLQTLLKERPDLRTPALTELIKEYIPDPEPVKQQREGVVLPTLDELGAKFAEVSAKPTKQNMAIWTVLRLALDGYPFRNSEFASIVVGSCPHTTDSVNFLLDLGDTGVLTLRKHKNDKRGARVYELPEFTREWVAMSMRVFGRVLPTLVTKNKKGEPMKPNALGNFLSRQNVKLGSQTVRPAITTATLGASGAGHDDRERLAHQMGHSRGVQMDKYFRGALAP	23IYRATLARYN2IVCG5/-RD9NT40PQNR\-RGGV6DEIL2LK16-T6YD5KN20/-3/-GDATTG2KT1PRSKTH5SG30/-EN6-K16WS12\-9GEKR1SAAHLQDM1T-F-PHNSGRAG5*YVF2TA3
EMALE05_BVI_c001	EMALE05_BVI_c001_0006	83.1	255	38	5	7313	6561	1	254	1.2e-96	346.7	18659	55M1/1M1D10M1\18M1D1M1\17M1/10M1\63M1/6M1I4M1\22M1D18M1D13M1/12M	MTLRLSKTFKIQGLGKMTKKQREDAMKRIEDVAQADAGVIVDGVAERAGKDNKLSPPKERAVAITFVKRDTLNVSDKVAREIVRQIFPKENRISGAGFWSDVGNWFKEGAAHTVLKAITPVVGPAANELWRSVETKTPYKWKSVLTDTAVGALPGGPLVKGAVNLALDKTGAKKAITQGLGVINTRSKKKQAV*DKNQPKIDQYIEPKPKPRKRATCASASERGKIVSAVMKENPGMNLGQASKYVKEHGGLWSGVMPPHDG	3QR16*Q6LR6PA6GDRGCVSAGEARVA1WKGD4/-1-K10\-14KRSQDILF-PNK\-5GA11/-6PL3\-55VA4HL2/-HN5S-EK1SA1\-3RQ13QRQKERHAET-CPAHSTA5DI3DVHM4-G12QH/-12
EMALE05_BVI_c001	EMALE05_BVI_c001_0016	91.6	203	15	2	17760	17153	1	202	1.5e-96	346.3	18659	23M1\5M1I36M1\42M1/6M1/10M1\17M1D1\62M	MPGQRALTKDYNRRIREHGETLDHIEISDPVLYRDLMTIVKNHHEWEERKEGVVGLSIQRHSISH*QLCLHLNYKDGRYDTISVASCVSGRGWTPLRTIAVSMRHEVHCEQRTEYLLDANPVCCACWGNYFNLEVDHTGGMEFKDLLRDAFVKEHGITDKHFHKNADGNPAFIDRELATLWRTYHLENAKLQTLCKTCHKAKTFGWSV	23\-4EDA-24DV1QL9\-NQILRC1QH19LR7TI8AH/-ME3VEFY/-3IN2LC3\-17-D\-62
EMALE05_BVI_c001	EMALE05_BVI_c001_0009	78.6	323	62	5	10609	9658	1	322	5.1e-92	331.3	18659	15M1/16M1\37M1I1/7M1\8M1\40M1D1M1/44M1/19M1D77M1\1M2D16M1\2M1\17M2D7M1/9M	MSKTAKALRKLALMREAREREGTFQARAQRREAQEEALEKAIEQQNKKAMKEEELFEERSHGERRYIPATTDRISTAEGARGRLHSLRAEQFLKSAEAGKETNANNFLAQMPKVLKEARVTKKLKGEIQTLFAETAKANLELILKKNSAGQLAMATKTLNMILTQLLPGEAPTEPLIEGMMSQYPTEEEIRAQAEXXXXXXXXXXXXXXXXXXXXXXXXXXXXXXXXXXXXXXXXXXXXXXXXXXXXXXXXXXXDAVLMASSPELQSMPAAAALSSGYRAPRRRLRFGEPPSPRGLVGAVAKAEFGSPEETKARASSKRKGAKRSLILKGETA	13LM1/-RA15\-10*Q5VM20L-/-6DE\-5YH2\-39VI-Q1/-44/-LI12TI5-XAXEXAXSXIXSX*XGX*XSXTXGX19TXKXSXKXGX*XSXKXGX*XTXGXQXGXRXTXHXRXHXTXKXEXQXTXAXNXTX19\-LS-S-G3RP12\-1FL\-CG4DA2DG1RPQEVEKTEK2-A-S7/-AS3QK2NT1
EMALE05_BVI_c001	EMALE05_BVI_c001_0010	79.5	273	47	7	10660	11450	1	272	3.3e-91	328.6	18659	13M1D30M1D22M1I1\38M1/5M1/4M1/1M1D7M1/7M1/19M3D1\22M1/20M1D56M1\1M1D14M1/5M	MESENRILSFNVEHAEIFDKVDIEGHPLYLNGSFASSSPFAGDIDLYTRVSHDDLPEVVKLVRGFLRESKMVITKVRIGERRFYGTKSIRDGLKSAKELLGESPETSKSWVKSVNMLSLFTGENLEECLSIVYDF*STKRLSDAEIQESIRADIVEYEPHDEDWYKVLKRKRLLLRPDSIQARKYIDRILDRPDVGQLYLARVGAETLLSGKGLFPTKELQTSLGNLRELVRIRLKLKEPGRGLQNLTAFWKHAPKIIAFFLRKRGSAPLKTPTMEYLCWDM	5PR6SE-H1RESI3FV19RA1TDLI-DTL1LT1EVLS16I-\-28NK2ALRGKE4/-EK4/-4/-1-F1AG1KN2DE/-1CS2*Y2/-LSKT3IS7CI5-E-Y-E\-21SQ/-20-VRG13*KKEELLQHTASFLDG5TVVRSIPRSLQK2TELPRG5IL12\-1-L13DE/-5
EMALE05_BVI_c001	EMALE05_BVI_c001_0008	81.3	203	34	4	9632	9032	1	202	3.1e-73	268.9	18659	19M1D1\13M1D44M1/30M1\20M1I54M1D1\10M1/9M	MDTTAIASAAVFLAPIAINVGARGCFSRMRRPETIKKTILVVPTGAGKTTLCENLSKNQSQVMVLDMDAVVLEHATREEXKKRLEETPPGLKHDMYFDELAGRVLEYVRG*RCKTNPALRVLMVTSSLPFALSRGKLDATIVCAPTREFHNALVEDADPDVTRKLVHGRDTLMDAIPDVKMIRSFSVSWTDLETKVRGAHLRIVETV	19-V\-8LR4-I1EKDTDI18IN13VLDE6/-RKRKPRSL3SPSPRG20\-DREC3SPCATLAR7RL3S-1ESERMGAKTL3TI3APDT29LISP1RV1IM4-S\-10/-GA8
EMALE05_BVI_c001	EMALE05_BVI_c001_0012	79.7	197	22	6	12393	12956	1	188	1.2e-69	256.9	18659	12M2D6M1\20M1/78M1D1\13M1D1\16M1/3M1/10M6I5M5D5M3I11M	MPPPTNPISYKALSPEQLTTPMWRSNPKTRDRPAPRVVEYDADVMRASSLDDIFPRSQNSIILFYPAIQNGSNISGHYVSLVRDPESKTIYFCDSYGKLPDTTQKKFADPRLYQAEKGRNSSLIDLFLKYGWETDWVSEARLQSSKPGVATCGGRWSSLWRCQWENLTNEQFAQFARFASRYYKIPSLDDTVSH	12-L-S1AEEQQLLT1\-QM19/-RD45PT31-S\-5RL7-W\-16/-2AS/-3SCSQGWNEVNHLVTL-H-A-*-E-L-5-Q-F-A-R-FVACS*R1HYD-P-D-TK4VD5
EMALE05_BVI_c001	EMALE05_BVI_c001_0005	96.2	131	4	1	6096	6485	4	134	2.0e-59	223.0	18659	13M1D1\56M1/34M1\21M1/6M	VRTVRDHKRTAPKMISALRQSLSSVSGEIYGRYPVAHATNRIVIQLNNLISKLFSALDDDLHSLLTDEEGRGGDLGKMYYKGAESTITPQRGMAPPVTPMAQKPGDVDKRELVDDEDSDSSDDDTDVSVRPPLLI	1SR11-M\-56/-13NT20\-YD9FS10/-6
EMALE05_BVI_c001	EMALE05_BVI_c001_0003	72.6	62	16	1	4881	4700	1	62	1.6e-16	80.5	18659	52M1/2M1D7M	MMTAEEKLDAQREKSRIRQQRFKERVIAEGGIDAYRAKMAEYRRRYRAKKKAPTADIDPPGHN	4REKENK1TDLAKQ15LI5YD2LRCA1DMGAREVY6SK3/-1VA-D7
EMALE06_BVI_c058	EMALE06_BVI_c058_0001	86.7	1024	114	20	4054	1026	1	1015	0.0e+00	1489.2	18672	45M1/9M1D1\43M1/43M1/10M1I23M1I1/19M1I16M1D1\25M1I1M1\6M2D20M1\5M1I4M1\1M1\12M1/41M1/6M1/9M1/16M1D12M1\21M1\1M2D8M1D17M1\8M1I11M1D1\23M1\13M1/13M1/11M1/46M1/62M1D16M1I1/37M1D2M1/16M1/26M1\11M1\8M1I1/8M1/19M1I2M1/11M1/1M1D48M1D1\39M1/34M1\14M1\110M	MTSICPYKRKIKKLESNAEADIDSVLIAQDIQYPGRKTISKCYAVIHSLDKVKELITKTNQQLYELVQEKTPVALYFDIEWYDDGKPRIEEITDTIAKEIMKVLVGNVDMTSYMLTASRQEKEKYKHSYHIHYPGIVFGNINILPHSFMYKLLERMYSNPENKDFLFSEREPVIDCCVTYNKWRAFRLPGQSGLGKNCPMTLTTDEHFNIHNYLIKNKSEHTVAFDEVPGCKLSKQTLRAFGQKGVPSHTTKPTHGRGFTKPIKKSTDRVANTPTLPERGIRGALHKCLHEAFPERKEEVIPLSAIAPESTYFMWMQCAYIMKNSGAPFELFHLWSAQQSTTNYKGGLEDCQKCWKKNVSKGKPTIASLYYIANKTNPRVCGEMTQKIREYESFPVVDFKCPTTRYTRERYLGKIESDARKVFISAGLGCGKSHRIKGEFIQLNPDMTYAVLSPRITYQSEAVYGDLADCGFETYRNKDVELFSTRKRVICSIESLTHRLESAKYDVIILTDEIETILASIT*SETNCREYDANMEVWENLIKNAKKFFIADAYLTRRTTDFFSTIPGDASYAMVHDWTYKPKTMLRYEDPRDFLEKFKELVCDGKRIYMVCLSKKQMLSTFAPFLKEKGIPHLIYHQQSGDKRKRELQTNVDEAWTSVQVVLTTPTITIGINQSATVHFDHRFIYTGSHPSCTPRDTFQAMWRVRERTTTNVDHWYSDKRTNTAGNKGEPLTHPTALTEFLIKKRLWDNLPNRISVSEPHIRHPLAIWNRLEENISNVVFQKWFQLAIIEERLNYSIGQVVENSNEDAIISIKVEHVEYDDIPVLTDDEAMRIKLAQQIGAEEETPQMDYIIALRKHRFIEALLENDGMPATTGFKPSADLWKHCNQGYTNLLPIKFAKWAIEGLPEALLNPKRDIFYRDTVNQVFEVMVALKKFLPATARGEMMTEDQLAGLTDYLTKNAESLRALARIGTRKADLKTPIKTLNSILERFSLLTVKSSRKQVNGKRERVYTVVSEFEDTLAFIEETTAPPADLESALFGNPEEVPWKYE	7*K37/-6RKNE1-I\-QK6*E34VI/-HK8PT15QH2QH1IHSY2FI5TN2/-PH7DEARC-TMQYPS12RETPGV1GD1SC1S-/-17HNLCP-16-I\-10DE13LFD-1\-2GV3-T-TDKEP3CRRG1HTDKSPPILK7\-3SL1A-4\-1\-12/-KE9APGE28HQ/-6/-3ND4GW/-16-A11ST\-1VIKR3LSSF13\-DE-R-Y8-R17\-3PQ2TP1R-CM10-Y\-23\-4PR1HI4TS1/-YH12/-11/-VS23LFVF6ST12ED/-8PT9VEGD2EDIF18SLQSRKRKGQCMSLVSQT1TA1NF7-HILSI14*-/-7FSCVSQFV5ST13ED5RT-GLS1/-16/-ET25\-LT1SL7LR\-3YL4E-/-IV7/-SL8KNLI8G-IFRQ/-5VR1HN2TI/-RQ-V3IS10KE9SL22IM-D\-34YC4/-HNTL12IL19\-9LF4\-110
EMALE06_BVI_c058	EMALE06_BVI_c058_0013	88.4	619	63	8	13964	15805	1	614	1.5e-240	824.7	18672	3M1I39M1\13M1/7M1\8M1D1/10M1/8M1/51M1/27M1I15M1\23M1/14M1/21M1\1M2D7M1\64M1/9M1\6M1\11M1\10M1I1\81M1\20M1D1\8M1/9M1I1M1/5M1\7M1/12M1/14M1/21M1\1M1I7M1/10M1/6M1/3M1/22M1\36M	MSTYGMSTSIIAPASLNWMPLKDASIGTKMSYKSIKNKPIVPSASGGEKMMAGTIRGWESIGFTRGRVSSTPRYLTPKIEYTIENRVGDGLGAPQPAGVVWTDDDKARGMLLNVAGKIGLRRVGVNCLIQRASVSLNGAPAITTEVRARDAELYAQTCNPEDLAVITPASAPDEYCYFDSAVTNNPLKDVGGDTPNILQTRGLGGRYEYALEAFFPDTHEVVLTVKPSRAMIMANPFQFREKTPTPFPSLRQKFEMALTLNINLLSMINLHHKRIDPAAAGGAIGDEGIKRHLATAPLTVEVTDVSHSIIMESFEESELLETPGEVSLYNCPEVETRVGNSDSKKLLAPGASHEFRVLNETRILRGYIPTRLLVVARHRRADSDVFAPTRYAVPGDFELDVNNTPRLFSGMKATQRYEENVKAGYNGSFSTYAGLKASVSRGNPGSGGYITCIEFNALPLGSFVVPNVLD*NVDVGGRFGWFINQLDVPSPTIDFTRVYQVFDNSFMLFKDGDYSVFARPTISKEDVAKAKVCVFADDEASRNSVRGGSWYGDMFWNTFRRFITNSKGARAGIRHSFRNVPWMVSYSFVGDRTMPGRMLKSVGYGGKKQKTGGKATXXXXXXXXXXXXXXXXXXSRASPEDLDGF	3L-WYSGEMHSST23CY8AV1\-6IMDMGAQGDT1DR/-7\-7KR-Y/-AT8SN/-SVVGNDLG4/-5MW44AV/-SA*RRDTA9NEGD3SI7VE*-15\-CG22/-2SD1RH6NK2/-21\-EQ-K-FGE6\-YN16VA23HD16AESTTPAG2/-QL7ST\-6\-11\-10T-\-34KN46\-2SC17-D\-8/-9I-AS/-5\-7/-3CF8/-14/-LV16HY1HDVM\-FWG-7/-HN6RG2/-6/-VM2/-ISLF20\-5PA1KX16GX5QE5
EMALE06_BVI_c058	EMALE06_BVI_c058_0006	83.8	586	82	13	8664	6941	1	586	1.8e-238	817.8	18672	6M1\16M1/10M1/31M1D9M1D2M1\17M1D99M1D27M1D10M1\10M1D1\9M1D8M1\3M1\2M1D52M1\11M1/10M1D1\5M1\68M1D40M1D1\7M1D36M1/13M1D1\24M1/2M1/22M1\19M1/5M	MSISQLGESATSLPVYVKSIRTVREDITCKDLTCGRTIKADSILVERDTTSSTGDMIVQSGDVILHDHGDNAPSGRATEARRIIFNNDAEGYIQNPSIPDSADTCQIAMKGEDDVVNLMGNIIFRTQDGSYTDSSRLRETMRIKGGRVGIQEDDPQATLDVKGKLRVGSETADDESHEVWGNLQIARAGTDTTTELKLCGGDSASDYTNTASMLTMTSRTSEYMGDNFPDMRIIVGRNPSTGYVGQPTTRFNVGHKSVGGSGNQNEFHTMFPQFDYTRDPALFDDAGYFSDFRQPAKFTGGIRGNLRLGRDDQADAECVLQLHDPRLGGSMASGQMFIQDAGCTSGTGEPHWGKNVGIFSTIGWNGYVNGSGVDVIPNPVKSRWRIINDQRGTVDRFAIDSTLGATATGYERNWLFMDAKMGSTEIGGGLFIDYRPDFGGRYVRPTETNLINLGAGSFRWKDIYSANGVSINTSDRKKKKDIADLPPARGMEFIKSLRPVEYRFKDGQSGRKHTYGLIAQEVEDVFRAGDGDVDGMGNAIVIKSRQQVPDPDWSVKQPEGEDTAKAPLVDGAGYDYAMRLYTELIAPLIKSIQELEARVQADLER	6\-15LV/-9VC/-31-D9-ART1\-10DGIYFIRQTN1NS-I5KT8EDEDFVGV5VI4*Q70-LTC1WGTDLSGA2FY5KMILHT*MDTIS7-DINYFSP1VM1YIYI2\-DN9-T\-9-G4HQSN2\-3\-RQYF-D45PQ6\-1GS4HQGMYF2/-GARGRCPT6-H\-3AV1\-2PT17AP5LR41-G40-G\-4RS2-K1RKRKED32/-2RLLILAKQKE6-A\-1SG10SISKPSAR8/-2/-AP2IE9AG4RY2MR\-2AE1LIHA2DIQK*SVIYQKENL4/-SA4
EMALE06_BVI_c058	EMALE06_BVI_c058_0012	92.9	296	16	5	13060	13931	1	296	6.4e-143	500.4	18672	112M1/13M1/1M1D9M1\13M1D19M1\22M1D29M1D16M1D15M1\9M1/9M1/24M	MEHFQWVDGELAKSDTIQDAVVRIKRASPLFAPGEDKNTVCAVERFYFESMLPLFDTTRYSFSVGIRAVGSTTMSSLAIEWGSKYLYDYRHVGAYINGALQSIAGSLGIENDINKPTFFFDAESCRSFGVATTEAFRTEGFQIFVSEDFHYCLHNFPYAEDTEDGGWWRLGL*ERDVEIQPVLTLELLSPVRRFLVDTTLPIIKSMLPNPQRLQDASDKDGGFMVDMKYFQDTNQHIIPIPFSVGKDAVHRWSNLLPGISNLRSFEFSSFFWLDWTGDSLRPLVVLPQGTLDIKCVFKTLRPL	63DV47AD/-13/-IF-G9\-RG3CF8-L12DG6\-2RDKVIE1EQ8KS6-V29-DTM10MI4-S1SG12DG\-6*E2/-9/-24
EMALE06_BVI_c058	EMALE06_BVI_c058_0014	77.7	377	70	11	15980	17075	4	378	1.1e-131	463.0	18672	14M1/21M1/1M1I15M1D14M1D2M1\10M1\3M1\11M1D22M1/35M1/37M1D1\46M1D1\37M2D9M1\1M1D18M1/34M1I11M1D1\8M1/5M3D9M	PLTAQQKSGLYDLY*YVKKYTFGRDKLWRIANAHGLKELSQRQVADWLRKQETWQLFQRRKPPRIVRSTTTTRAPNRVMGIDTLADFLQLIAWDGVQYLLTAIDLFSKKAWVRPLTNKRKEPTVAQAMDNILAEAKPRGVRSDQGSEFVNPMFRALLNKRHNVKQILSLPGKPQSNGQVERLNGILKGMIKKAMRAFSDNRDWPSYLHLIVDAYNNSYQSTIKMTPNEAHALSEAEYDVVASRIKRKKASALSTPPLFRVGDTVRVAKSKVSNDGEIWSKSLHRIVKVLRPRSRTFVAPVYRLDGRPWNGKGKRPPDWMGNKYEEDLMLVEAVENKRETVDKWEISKLLRKQTRDGVPGYMGVKWKGYKERPTWEPVENLKRDVPKLL	14/-LY18RG1/-KET-VL6YD3RKTQRERT-W14-T2\-1VA7GD\-3\-1KQ7HQFY-L*LAT2ND17/-24DEVF9/-EK16KN12VMDI5-A\-5GW1*S3HL22RLRSTE9-I\-2TK11LV4QRCVRAQKVSQK1QSTNTD1SEMIEWCSSKDSCL-H-R9\-DT-FIVRAGPTV14/-1RD26GEDIRSRKTLVL*-QRSKRQ*T7-M\-7DE/-5-V-E-N1LK1PDLV1RKVLVL
EMALE06_BVI_c058	EMALE06_BVI_c058_0008	85.1	303	38	4	10716	9812	2	300	4.2e-118	417.9	18672	18M1\5M1/37M1D10M3I15M1\27M1\51M1\29M1\15M1I15M1\21M1/1M2D46M1\6M	SYHDIVKELIKKRAKAETRGVYNTGRMKEIATERATKEKFRRQNKEAEIGEEMFEDGTYEPLGERISTSKARAGLRHLAQVLVSLIHKRGGNQKEAVSVANQMKNLVSDARMSRKLKQSQIELLRDDITKLMESSVSRAFDSNHRKSIRGYLKQMTDMAQVKEGVIATTQGSAESRYEMEQLRRRGQEERTRREIEALGAKKEERAKQVYQKRALAAAKLLRMNKRLAKDKQGFKAIKERPALVEARREIHIELADRASLPPDDFSDDDDDYMNSSFVTAKGAEFSPPNTRARAASVAGAPEGAKTWV	1FY5VE9AT\-5/-26REDM1GEND6-GVE1FINS1VS3TAL-E-W-SGPLTRYH11\-14QK7SMVS3\-RQ49ST\-10*ELQQL5DE1GR3DE4\-1QK2DE10R-14SK\-TK4GA14RH/-NE-L-APDDRPA43\-RG5
EMALE06_BVI_c058	EMALE06_BVI_c058_0003	88.0	276	28	4	5475	4660	3	277	4.5e-112	397.9	18672	65M1\11M1\12M1/17M1/13M1\9M2D1M1/8M1I43M1\7M1\31M1/38M1D2M1/9M1D5M	YRGHWLYEDLRKIDTIAETTASKYWYALRNGVIGDIIDDEAMRDTVMKDTQPTRVQRMLQTLLKAERPDLRTQALTEPLIKEYIPDPEPVSKQQRGAVLPTLAELGAK*FAEVSAKPTKQNMCAIWTILRLALDGTYPFRNSEFASIIVGSCPHTTDSVNFLDLDTGVLTLRKHKNDKRGARVYELP*EFTREWVRAMSMRVFGRVLPTLVTNKNGAPIKPNALGNFRLSRQNVKLGSQTVRPAITTATLASGAGHDDRERLAHQMGHSGRGVQMDKYFRGALRF	1PR55LM7\-11\-12/-EK2LR1LA1YLQPHT6SK/-LF6SP1IKMQQNTM\-2CW4PL1-L-DAG/-8I-17NL14VD10\-7\-7*G8KN14/-SL15PI13TR6IM-GDH1/-8WF-R5
EMALE06_BVI_c058	EMALE06_BVI_c058_0005	81.4	274	45	4	6787	5983	2	275	1.9e-107	382.5	18672	76M1D1\36M3D1\9M1/4M1D20M1\51M1/3M1D69M	TTPRVNKDLRIVQGSGKFTGKRKADAVRRVKKSGLSASQSSSVVSGVSAMTNKQFKLTPANRKKAIAFVMKETGLKHPRESAKIVRLTVEHTKRVGGGFWDWLGKAARSVGQGLISFDIPGGGFINEAGIDALADKRKYNWKKGAYDSALSALSPVPGLAKVAGDFVLDKTGLKKKIIGKGRATGRHEIVKKVMEKTGMSMIEASSKYVKQKGLYKPISGGARTRSGVQYEEPAPVRRPRPACDAMARRGRLVSKLMRENPGMNLGQASRYIKEHNLAF	8WL36HG19AILA9-H\-11PE10GD8LV2LG1-I-S-F\-9/-SG3-LRA1NKPR*K11NL1PAIL\-2QP17RKVKRISILGEK1TR*AATLGQR3TV7RG2RMLIVERAAS/-3-K7TIAS31ARSLCVLSEK1VM19WLLA1
EMALE06_BVI_c058	EMALE06_BVI_c058_0010	78.6	299	57	7	11571	12454	1	297	3.3e-99	355.1	18672	12M1D60M1D1\14M1/6M1/20M1/24M1\10M1D1\7M1I24M1D1M1\26M1/18M1I1/35M1D10M1\7M1\7M1\11M	MSFNASTGQAVALIEGKGIKSTPVYFDEDDMAGKTSVDIPKGKAQAVLIPPSVVSKRERDVWYLSGKSGAGKSYSLSASLIDFYRKTGQPRVYVLSQPIRDAKFGKDAKYLKIDNLVEGMSSSYDKANARYQEAKIRFKYKKGKELAENPDLLMKKLELRLNELKPDPSKRGRMEMKLCPDKMEELFSADSVILFDDYQEGMTGGEIKLVEFFRDFFYLTTGRHTRTSMILCHHSISNDREKTKMIMTETSNIVLFSKSTTKSREYLLKTYYGFDKGQIAEGVEKRMKA*KDRWVCFIDKDMGILMTPQ	6QTAGEQQALVTA-LNIRE4NK19RP4LQSA5YS8EV12-Y\-10TK2HQ/-PR5/-TP4NKNFSGEKGDRAQK2EK5/-RGIM16DR5\-EKGETL7-M\-5RLENP-SE1AKNP10IK3GD2KE2-F1\-RD25/-1HY10HMVI4K-/-5GE22QRGEVYPLFLRKRT-YTY9\-7\-4AV1YF\-YD1ND8
EMALE06_BVI_c058	EMALE06_BVI_c058_0009	84.7	249	34	4	10745	11477	1	249	1.3e-90	326.6	18672	20M1/10M1/14M1/42M1D17M1/4M1/8M1D10M1\14M1D1\17M1D1/17M1\10M1\45M1/7M1\10M	MELTKSTIRRFNDLNRRVFSTRVSVKHPLYLTNGSYRYSPWASDIDCLYSRVPPEELEKVLRVLLSIDDDAEMVFLKLKIGEHKTKDKALLKDPDRVYDYLAKAEPGGRRWVSKCNWLLWTGATIEEVSVVYGDLGKPVSKARMVASIKKNDIAKYEAVPDMYKALKGRRRLLLKNKAPIDKILNRDTRLGLMYLCGRVRAETLQKAKGLFPREVLKKARGNLRQSLRVVLGFDRIMSPDELPRDAMNRFVLKKAYQKRRF	20/-HRGV2SKYH4/-14/-42-L1QK1RP13/-4/-6*WQT-GVAQTLIREWEYV4\-14-I\-11EDSM4-K/-5PLRKTNDK3EDPKYI2\-9AC\-GRKVGRRA15NK16ND2LM5/-AR6\-7HR1YF
EMALE06_BVI_c058	EMALE06_BVI_c058_0007	86.0	214	27	2	9657	9028	2	215	4.2e-86	311.6	18672	89M1\6M1D19M1/1M1/9M1\8M1/8M1/44M2D22M1/5M	EMTGGQIALKTASVLIPLAISASKSCFGTCRTPDKIKKHVLVLPSKGGKSLMLHKLSSQKQYMVIDLDDYMRTLCKRDMLERLSEARRTAHSSLMEAIAYTECSNVVLEHVKGQIKQATNKSLQVLFLHTSCWAWAQSQRKRDAVVWMACPSKEFFEEILTAEEKRIKDNHGTDAEVLTAREGLRVSRQDFLESLPTDAEIAIYSSYDELEKMVRSERLAI	KELM2RG30NI47RS5\-6-AVISACYAT3SN2PLAE7/-1/-4KQ4\-6VARQ/-8/-6SESF35WF-L-ERSVL1HT*DRARE4TS5VE4/-2FL2
EMALE06_BVI_c058	EMALE06_BVI_c058_0011	86.1	187	23	3	12480	13031	3	189	3.6e-85	308.5	18672	6M1D1\9M1D62M1D9M1/98M	PLVYVPMESIYDFDTFWSKHPKTRGQCPRILEYDDVIRAKSIDSLFGKNNAIILFYPGKKSKKGLTGHYTCLIKIGDEYHYYDSYGDFIDCKPKQYSKQRNALYNEPGRKNSLIALLRKAQKEGAVIDYSHYKHQSEHPLVATCGRHCLTRCMRSDLTNDQYDGFITACAKKWKTDKDGAVSASAIWPL	2IV3-M\-2*YRD3LF1-SQKAH2DTAR7DEPY9VD4RK9VG20*YDH-YIYTDTS2EDVFDI1/-LK6HQ90
EMALE06_BVI_c058	EMALE06_BVI_c058_0015	84.5	200	30	1	17711	17116	1	199	5.9e-80	291.2	18672	13M1\12M1/3M1/23M1/21M1\11M1/43M1/2M1I16M1/35M1/16M1\4M	MPGQRALTKEYNRLRIREHGETLDIELISDPPVLYRDLMTIVKNHHEWGERKEGLVVGLSIQRHSISHQLCLHLNY*EDGRYDTISVAPSCVSGRGWTPLRTIAVSMRHEVHEQRTEYLDANPVCCACGNYFINLEVDHTGGMEFKDLRDALFVKEHGITDKHFHKNADGNPAFIDRELATLWRTYHLLENAKLQTLCKTCHKA*KTFG	13\-SRVI8LI1/-3/-23/-8LHLSFIRSNH8\-1AD9/-3YS37CY1/-YNILS-16/-IF5MIGTYD3QH5IN4LDTRAEKLWAAT6/-3MA3QT2NK3IK1\-EK3
EMALE06_BVI_c058	EMALE06_BVI_c058_0004	91.7	133	11	0	5605	6002	1	133	5.7e-51	194.9	18672	15M1/83M1\31M1/4M	MTYRRTLRTHQRTAPRKVQNVGDALRLLGAEIHGRYPTAHPASRAIVNLHNTLSKLRSALDTDFHSLISDDEARRLGNIYYVPRLERQEAVGIVDDXXXRXXXXXXXXXXXXXXXXTERDEVISRLLIKKPIDCAP	15/-2SQIN29QH46DXSXMX\-GXRXGX12DX15/-ND3
EMALE06_BVI_c058	EMALE05_BVI_c001_0003	98.4	62	1	0	4303	4118	1	62	9.5e-30	124.4	18672	62M	MMTAEEKLDAQREKSRIRQQRFKERVIAEGGIDAYRAKMAEYRRRYRAKKKATADIDPPGHN	35NR26
EMALE07_E4-10_c001	EMALE07_E4-10_c001_0022	83.0	860	133	11	15765	18305	1	857	0.0e+00	1215.3	19596	21M1\39M1/12M1/22M1\69M1/2M1/36M1/4M1/16M1/35M1/29M1/57M1I1/17M1D17M1/17M1\3M1I53M1\44M1\34M1D10M1/13M1\11M1D10M1/22M2D1/15M2D2M1\18M1/17M1/5M1/6M1D24M1D12M1/2M1I28M1D1\24M1\101M	MATAFKTLTDAQLFMASNPDKETFLTQSMGDWKYRVFDSPDDVDGDAHLTEYIVENSPRRFMYVDFEDYFEPGTSFSPEDIARLNETDGKTTAGKLQNIFQQFPTLHGGYCELRDALQAETDMPFGIMPYIGVNIRDYAKGKNKKPMQKVSVHIIFYGMYFKDHASMREVFFAKRTVQSKEFQEKYPANEPGEGFDTAVYSKNQGLRCMFGQKTKSKRDPHSAFQVIPRLIETIVKQEFPYAGLVIPRGRDLDNEKEVVCEPAPVKKKSRTATTSTGSLGLLEGLLNLLPDTYCVVKYDQWFRIGCICASVSDGSDEGLAIWANKSRQAKGYERTEDDVYAKKWATIKPGEVNLLGTLYKILSSCRVKKEAIRAVTLQHCGNHLSLGTESFHNMVEEWNDHNIAMCFQKAHCKTQFKFSLASGWWRLTDNNTWHNDGMAPHFIRTALLETLHPMFEQAIIEAKKGDNNSELATILKAHRRNLGNNKMIKGIYEFLSEYLADLDIDAKIDRANPNLTAFDDCLYDCEADAFRPITADDYISTTCGYAFGEYKHSEERTRAELLELLGGILRGSSLDYFLLTQSAALCATKFMSTDFYIWVGNGGNGKGVINEFLMLVFAGKSGAPAPPGLFHKVLDSKKNPELLKLRNKRYVSIPDSLEPERDGTASRLGGLVKLSLDGDEFILVRDNYARSTDMVSMKATFVFNILCNDVPEVGTDGGIQRRMKVFIPFPYKFVDEPTLPHEKPKDPTLKRRLSDNDEKYKKEMFILLAEKYQELVSKRYTVGAVPESVMTATRDVEEENNPVKTWFLAKYDITGDDAHRASIRDLHDAYVVDTGDRRTTNRQLSKVLCDMMLRKKKTKTCNVFVGIREKPAEPEMFGAGGTLH	11HQ2IM3RPTDIK\-NT2IT5CW5YD13*Y9/-HY11/-4AD2PR1TNSEPT2*K7\-12RC55LM/-2/-1RA10GESKTYRPRA19/-4/-ET6RH8/-28KV6/-1EK8EGHSSL7SN5LY1KV/-SKSY12AV24DE2DV6AT7L-/-10SCDRQVRKEK1SA-IARPA*VAT1RQ9ATSE/-3RM13\-2QHP-RC25KM4RIARQT18RK\-26IYREVFFL5YD8\-3IN4CD12SP10ACDG-Y2SG7/-4PL2IL5\-4GD6-S7SF1AS/-3TI8*K3DN5-V-F/-11CFTHRKLV-L-DNSSK\-13CS1SP2/-SEAP1ARTDAGRTGA1PR7/-VLED1ND1/-VISLRV1ADTN-YTA16GLNCTNYD3-V5FISQLRVR3/-LI1Q-28-D\-8FL10QK1HY1FV\-59NQSLKSVKLVGLACQDRMRMVLERSK1NK27
EMALE07_E4-10_c001	EMALE07_E4-10_c001_0009	78.5	618	105	11	6585	4775	7	608	1.2e-213	735.3	19596	6M1\18M1/6M1\15M1/66M1/14M1D1\52M1/13M1D7M1/9M1D1\40M1D1\10M15I1M1/12M1/39M1/5M1/13M1/8M1\25M1I33M1/12M1/13M1D5M1\24M1/5M1/13M1D43M1D1\15M1/7M4D27M1D34M	KASVIVLPKSFHYTEFKDASVGSDLPSYSAINARDPILPESGGNTQNGPTVTFSEDLSTVYVDATPRWVTSATLKMTNFGLNATTAQEVLELLSGQIGLKPFPVNRCLGTTTVQFVGQMKFVAEPGEHVDLHITESLDADTLAMISPASAISTYYKYDAENINDTLRPGGDVTPGATSSGIGTGTYEYTLTVDGGAGANKTVYFTVKNISEMLMARPLFQFLTPKEANPFPGINKFRIATRFSGMLENFFALNKTNFVA*NEAGAIGYSVETNVSHSLYMERTVLPSILMPPPSMPMWNSPTIENIGQSAALTLAPGADGILTLPPQAKMYTYNPTRIILDVKRLPATADPISRAPPAHMPMTRVDIRQDSKAPEMSSLPLQTLYEINTKAGYNGRFAKFASLPADASSATPTNVGSGAPFYQDITNAVPSEQLVMPNVDRPLPYHIATTYVRNPYDTAATGCILKAYAVSFDAFVSVFQDGVYAEFRPKISPEAAAGAKIVFDDDDAELNSVRGGFLGSRTIWNGFKRLGSWLTKSPVGRAAIKHVRHLPXGVDKYAGTGTIAGSVADYFGAGGKGGSLLNVGGAKPKAXXXXXXXXXXXXXATTKKRGGAKMTPSHLEAILHA	EK5\-YP6DE2ED1AS5/-6\-8RG5EG/-11FYSVLD4*W7LM1YN35HQVF/-2RM8PH1ED-L\-1*T1YS1QD5TMVI2DACS10AE24/-13-N3LYHFRTTV/-QN8-P\-3VL12EK1HR21-A\-4VA5S-Y-T-L-S-T-I-S-M-R-F-Y-L-L-H-1/-DN11/-10TP6FILEKNLIVGSQQSQA14/-1KQ2IM/-IT12/-4AD1QI1\-GASP17SPKEIMRSPSVLC-HPYLIQ6NT10YF1AS9TP/-DN2PSVGHA6/-HN2AP1GEMQCL2TPSNLV-DWRSP3\-16*CSISLRKTA3/-VF4/-13-I2RE6LIAV10LV18WS2-T\-15/-3NKSYGANG-T-G-T-IRAYGYSCV6VG16-X7EXPXKXAXKX14PH7
EMALE07_E4-10_c001	EMALE07_E4-10_c001_0019	85.7	434	53	8	13152	14423	4	435	6.4e-154	537.0	19596	16M1/22M1/14M1I1/21M1\19M1\18M1D1\40M1/6M1D7M1/28M1/8M1\5M1D11M1/13M1/3M1/6M1\1M1D18M1\15M1/11M1/9M1/48M1D6M1\18M1I1/6M1/12M1/3M1/6M1/9M1\2M2D24M	GKLRSSKDLDVNVKSLHSCETVAVSGTLTCDSLVVTDESPRTSTGDLVIQQGDLFILYESPAIPDPGERVDERKIVSFNLGDSGLDGATCEIGMKGVGTNGVQGDIIFRCQTGVEVSPGSTLEEVARFRGADLGIGTSIPAARLDVAGDMRCLLARMYGHVSDVGDYCPLALTNSKGRTSTDGGQFFFEPGQGSNGSFDGL*SAFNVNCYHQGAVGVVYPNPSKLGWRLFAFDERTTTDMMWSLDSYLSSGSTVAGIARRWLECNSMLGTTTLGGEGLVVDKLGGGTNYVYRPTADNTTDLGSYSTFRWKQLSFAATSTIATSDVTKKRDVVPLPKSRGLSFIEALQPKKYRFIEEESDSGRYHWGLIRAQDVESLLSSLGDTDGLGMNGLVCKLTVADVPNPDYEEAGGEGEPETIS*STSYGLRYTGELIPCLIKAVQELSAKNTALEARIEALE	16/-13AD4ITKDTE1/-SRETQS11G-/-21\-LF2SG4HDMG6IMIK1\-CG1QNFG14-V\-40/-VGPH4-GEDFYVCLP3/-6LS7SF13/-LS2CN4\-MQ4-V1DY9/-LF1GF9CW/-3/-VL5\-CA-G11GLVG5\-15/-LR3ED6/-VYPS7/-VF44VDGS1-R1LH4\-10VL6AGL-/-5RK/-12/-2RE/-RE5/-LS8\-GEIL-I-P2TI8IK12
EMALE07_E4-10_c001	EMALE07_E4-10_c001_0008	87.3	371	42	5	4738	3641	1	371	1.8e-151	528.9	19596	38M1D1\10M1\3M1\25M1\12M1D2M1/13M1/18M1/47M1/19M1D13M1\11M1\31M1D35M1/31M1/2M1/20M1/2M1D10M1\17M1\7M	MKALTTEQEEALHELYYDRKFVMGRDRIWHLLNSEGTKIISKEQVMSWLRPRQEISHQMFLRPKRASVVRSTIIRAPGRQDMGIDLIDMQKLAWEESYCYILTGVDLHSKKKGWARALKNKKKETVGKAWMDSILQDTGGMKSVRSDRGSEFVNPVFRAVLEKNHTKQVLSLAGKPQQSNGAIERWNQTLKTMIKRAIRITDSRDWPEFLQGQLVDNYNASRHSRIILETPNDAHKGKNPDVIVKRLMKSATAKSKPPAFKVGDEVRIRKKSVTNDGELWSKKVYKIAKVLDRPRTPFGVPIYRVDAPRTMGNLYEEELQGITAGVADEERIFHEKWSITKLVRKATPRRGVPGFIVKWKTWGEETFEPTSLLNLDVPHPLVRRFRA	12YH9IM15-I\-4FVTM3QR\-3\-7FP14LGAREQ\-9DKVLPA-W2/-IY4HTRGCV5/-18/-VM30DE12NK2/-AS17QA-I13\-AQTL7VR1\-6SPKNCD14KM6TS-KTP10MI23/-GR10SR2VA15MT/-2/-GDSE10PT3*R2ST/-SR1-G10\-17\-1IV5
EMALE07_E4-10_c001	EMALE07_E4-10_c001_0012	89.3	300	30	2	9038	8142	3	300	7.4e-142	496.9	19596	32M1\12M1/12M1/41M1I44M1/27M1/1M1I129M	FFVNSGSTERVPVATIDKDIVWYDPEEDGEEITIFAKKPSVSVVPFPSIRDPKREREVSFFVSGRSGSGKSYFSAGLLNWYRSAGWNIYVFTEIPDEKFGDDAIYLNIKDFVGKSVSFEREKTLYETAKLNFKYAKKDIDDVEMPLKELEKHLLSLKPAHKSGQLELKISPEKKMKKIFTRSVVLMDDYKRASDGSKQMLEFFRNKLLDEGRHLECSMIVCDHATNGKEVVKIIDESTHMVLFKKNTPRSRLYFMQAHLGMSNAQARAIDRRFSKGDRWVCIDRDFDIVITPTSVGTLKSYDA	6RSST24\-LI2*K8/-LPRSLIVRMDSP2TE3/-3TS2*S3QK7VL1GW16RE1SFSGV-5WL24SN4TK1VD6/-AL26/-1N-LM67LF47ST2RSIV3NK4
EMALE07_E4-10_c001	EMALE07_E4-10_c001_0020	84.2	316	43	6	14529	15458	1	316	2.0e-126	445.7	19596	13M1/62M1\6M1D12M1\34M1D1M1/9M1\28M1\41M1D10M1D29M2D12M1D1\52M	MSVIDLLIEDGLSLLASAKNYERVYRNISDVRSPEAVDEYVAKKKKRIPQLTMLKRVMTLLEMNTDHLEPLFEKYSRGERERTFVAPSPGQSSRWKGSWPDILAIANTLNNIRNPTYDQLQTWIVAIIITHVALPLRNSSIRTTLVVWDGTGDRPDNAIDIGKEILVLSNYKYTSSLYGRKMYDLPPGFVSRLVAERHRFGVASKYLLTTKDGKRQMSASAMSTFLQDGALGMGSNTWRPVYISFLIDSGASTDTFKRAAQLMNHSVAEQTQLTYSKFRGVTEKTEEPITTAERQASWRARKLEEDPTYFARKSKEYRERKKA	13/-26EV30PFLE1GYTS\-1GE4-FSVCA10\-ASSW6SA19GALISINIST1-VGA/-9\-13SA14\-4SYVGVRTK1AY27RKTD1SK-RYQ7ST1-LAQGDWG2AG8AVNYTI9STND1-F-KSR1DA3KNQH4-Q\-6CF5RK39
EMALE07_E4-10_c001	EMALE07_E4-10_c001_0010	87.1	294	34	3	7508	6645	1	293	2.0e-123	435.6	19596	48M1/11M1/33M2D6M1/9M1/2M1I11M1/5M1/9M1/24M1/13M1/37M1\28M1D42M1/12M	MFNSIFVEARQSGVETGNVPIVLPVNRTEQILEPDLEHAQVSVERYGLRTAEVPLFDMDRRQMWSLGVIVSGSPATMVTMTTPERWLYDYRDLAELMTTTIGPTACTTASIDRPADHPEVTFDPVTLSLFTIPTTTATFRATTNAILVSRSPKFSLNTFPWVDVGNGRLFALSTLEDEETQ*YAPTLELLSPISKIAITTELQVDFELMPSEDDPTAITKKDDGQFLVDARYVQSNNESIVTMAFSVGDRVHARWHNLLNTYEIKKFRMMFHWVSHSGTFHELMLPPDANAADIKIHFRYPVHV	48/-10GR/-4PL12ST*MQTLTTPGETR6PDCLRA-E-LTMHTAT2EG/-6CSVI1/-1CA*-TDYH1QELVAT4ST/-5/-9/-9SK14/-AL1VA10/-VY22IF13\-27AG-DKRPV40/-GD11
EMALE07_E4-10_c001	EMALE07_E4-10_c001_0006	90.7	270	23	2	2592	3392	1	270	3.8e-122	431.4	19596	49M1/33M1/24M1/27M1\6M1D1\60M1D1/5M1/10M1\26M1/28M	MDLKRISEDMARRDYVALCKATPTPLSRRGLLALDRLFLQHRLETKTKKGGVSYMDVMADSAKLAKLKDVAMKWRGKAEPLDVTYYVFQLWYGTVNQFRPMFARQMYKCVLEPKVGILDFSAGWGGRCLAAMSLGIPPYHGIDSQNTNLKDPYERLIDFVKPTAPVSMQFQPAETINFEALRGKYDLVFTSPPYFMLEKYQNMPAYRKSKEESFITRFYHPVLNMASVDNLLPGGRVALNIPFEMLEPTMGAILGNPVGYYIMPKTNRNKGKEKMHEKV	49/-1RV10NKGLWAQKILLKKD1LAQM*KSWAR8/-4HQ5RV6DF5RK/-19HL7\-6-S\-8AE51-Y/-5/-VF1ST7\-26/-GA24VE2
EMALE07_E4-10_c001	EMALE07_E4-10_c001_0018	84.1	327	41	10	13075	12120	1	322	1.8e-119	422.5	19596	14M1/10M1I1/10M1D23M1/36M1I1/8M1D13M1D2M1/17M1I1/16M2I1/27M1\1M1D20M1D1\6M1/24M1\11M1/9M1/35M1D1\19M1/15M	MPEPLLSPEPNRYVSVYPIRHHDVWREAYKVQMGHFWTAEELDFSQDIKDWETLTTDEQFLFIKNILAFFASSDGIVMENITGSFVSDVTWTEAKMATYGFQAMMEGIHAETYSLMIDTFVSDRETEKARLLHGMSTIPCVPAKKADWALRWTDTTGETNFAERLVAFACVEGIFFSGSFCAIYWFKKQRGLMPGLTTSNEFIARDEGLHYTDFACLCLYSHIQRRLTEETVHGIIKDAVAI*EKEFICESLPCNKLLGMNADLRMATYIEFVADRLCVQLGYTKIFWARNPFAFMERISLGEGKDNFFEKRSSSYAKAGVTNVKKEDMAFAVDVEF	14/-5QH1GD2G-/-5RQWMDGTHLF-WAT15PL6/-LF35S-/-3PQ2RMRE-GVISHTALE6EDPT1-V1ED/-2QE14L-/-14RG1R-Y-/-HNYF1*E14HGVSIF2TI3\-1-Q10DN9-H\-6/-14LH9\-11/-QK8/-QM2HYAI1LF*VSA22DEPR2-L\-19/-4VE10
EMALE07_E4-10_c001	EMALE07_E4-10_c001_0011	86.7	210	25	3	8133	7512	1	210	5.2e-87	314.7	19596	38M1\28M1\13M1D1\16M1\9M1D7M1/13M1/7M1/24M1D1/11M1\41M	MSKPVLEISYKDTGEEDLQRAWRRRGVSRRIIDRINNPIFPGLRTHGLAPRIIEYDFIIGETDITRLRLSSGPIIVLYPTLRNTTRKKQKINLGHWVAICLQTSEGINFYDPYGEMITDRQKAYAKSRKTLTYKEKENTLLVRLLIESGQPVDYSHHVHQYYNPRPSMDAVATCGWHLCLTRCYFDFLTNDQYNEVVRKMSKMLKLSIDDTVAIFWNGV	38\-9SA4SELYTDSFLILIAGQERTSD4\-VL12-R\-16\-VL6KN1-YTDTP3TMMI/-13/-3QKDE2/-10LPFV12-R/-11\-1IL1KR7TN29
EMALE07_E4-10_c001	EMALE07_E4-10_c001_0013	81.0	248	40	7	9775	9051	1	246	1.6e-83	303.1	19596	25M1/34M1\5M1D13M1D2M1/12M1D4M1\8M1/2M1D2M1\28M1I27M1/30M1/7M1/6M1I13M1D20M1/3M	MELTSNTIKRFNDLNRKIFKSVKGNIYRMWLNGSYKDSPFASDIDLYARLPLREVPVVSALLVQGIELPLLKLRVGTQVFKDMRSILNDVKTVRAILKSAPQKTKRWIKPCVWLVWYTGHTIEEVATIYDFAPQLTRQEVVALIRQDIMKYEKLDLWKALKRRVLLEPKNMRIYRTILNDVDSGLMYLTRSRIDTLIKALPLFPPAPIIRKFALGNIRQAVQVTLGHPEIPVTLNTLGEASSALRSILNDSLARHG	18LF6/-HY13GAPS18\-1LV3-EAL1TLPL1VL7-K2/-ES11-LQK1TA1\-2*K3MKAP/-LV1-LIV1\-5WE2GA2SYNDSFTAHP12P-3SM23/-1CR3TN24/-6RK/-VA2KNVI1N-KQPACVAQSVST1VG4RP-V2KN17/-3
EMALE07_E4-10_c001	EMALE07_E4-10_c001_0016	84.5	213	26	4	11222	11841	1	212	2.5e-81	295.8	19596	21M1\1M4D34M1/17M1D28M1/9M1I15M1D1\18M1/63M	MVRVTKNLKLVGLGRLPKKRRCARAVTRTMDYVGVSDDDAEVIVDKVSDISGKDFKLTKKEWMAKALKYVQTETGLNKKQATVLIERILAMDGVHGGNFWKWLGNAAAPTVAGFIPGVGGVAKEAISSAVNGRAFFNGKRAALDTAIGLLPGGLSLVKGAVNGALALSGARKALGAGKVPKTVALRGQLVSALMKKHGISLPEASKLLKKLQEKEQA	15IL4LR\-1-R-A-V-T18NKGVLSGD12/-16RK-Q1STSVSLHI1SR1HL19/-PT8R-TGAG7RS4NR-A\-18/-TS7AGLAFL5LR33TS10EQSA
EMALE07_E4-10_c001	EMALE07_E4-10_c001_0015	85.1	208	28	3	10550	11171	1	205	4.3e-81	295.0	19596	13M1\80M1/2M1I4M1/12M1/9M1I10M1/7M1\4M1I64M	MDPANIIGTATIVVTKMSATLLPVAAFMAASCWSRIRSARKIRKHVLLMPSKSGKTALATMLKSQRQVWCIDVDEKLKTVGAVSKRNRLAEAKAMSGDHFA*YEALFAEMCDLM*LNEIKAQCKTQPKLRVVFLRTSSWDFALSRFRKDAVLAVCQDTESFNKQLETVESDKERDDLRKGREEYMMSVPKAVMQTYPSLDVLEEMVRRYLG	9TAATTIIV\-STQK33HP4QK1VA16EDRE2IKKT1DG13/-DS1D-4/-VY8ED2/-VL8P-RT1TPGKIL5/-6SA\-4G-23GD4PD19*YLP10IR3
EMALE07_E4-10_c001	EMALE07_E4-10_c001_0014	79.2	231	36	3	9814	10490	1	221	2.3e-71	262.7	19596	36M1/4M1/47M1/14M1/5M1/14M1/6M1D20M1/17M1/32M10I1/10M1D1/14M	MSVNAQLKKLLTRMAAEKTGDFTRRANLDKEEVQAERKRLRRKEDREAQVAERLFEEGEITPMSERISAAKAREEIQAQAQEVVNLIGTLTGSRLIFALLENIRGRTYKDRARKTKRLADEMAGL*KKQLIDFVDAQADKIRDSEEMMQVISGLIDSNVPLLPSLSIRRPRSRSPAXXXXXXXXXXXXXXXXXXRAPRTPTSASIDIPGMLRELQSGRSSGISKRTRSRTA	23*RGR11/-4/-22DEERSIQSCARAEK18/-6LF6QR/-4ED/-14/-MK5-F20/-16QR/-ER3PXAXPXVXLXLXLXLXPXCXTXPXAXSXAXAXAXAX10V-G-P-S-T-E-*-T-L-R-/-7AEALEQ-S/-14
EMALE07_E4-10_c001	EMALE07_E4-10_c001_0005	89.4	151	12	2	2124	2564	1	151	1.2e-67	250.4	19596	60M1/34M3D1\35M1\5M1D10M1/3M	MDGIVAMPFITTEDGSKVDIPDIIMPNWCFNVFTCALRESVHDMPRRQMLLTRLKIIVDGLTLRRASDEDLDSVAFPYHILVLGSSSPKTLEKEPGETVFSNREVLSALFEMEPGKRESSEGCSQQYFRGLVYEKRAYNSRKPQHGKYKPLGWSG	VM55YI3/-9VL3GA18DE1-G-E-T\-2SN18AE9ML2DE\-5-REKTPAQ7/-3
EMALE07_E4-10_c001	EMALE07_E4-10_c001_0002	91.7	145	11	1	18835	19268	1	145	3.8e-61	228.8	19596	34M1\3M1\15M1D1\15M1/26M1/26M1\25M	MPDYSNGKIYKITSEKGCYVGCTTQSLSARLSRHTLSNSLKRALKGKSNYCSSFEGVMHDAKEKIEIVLIEPAFPCGSKKELMTREAEVISGIDCVNQYLCSGKYFKEKTPLQQKIYDLSTEYRAKKCREYNAKRLADPVYRAEENRRTRD	10*K6YC8RL1TAVR4\-3\-4FL10-E\-15/-19DG5NQ/-13EQ12\-4NY6ND13
EMALE07_E4-10_c001	EMALE07_E4-10_c001_0017	88.0	92	11	0	12066	11789	6	97	2.5e-33	136.3	19596	9M1\14M1\7M1\35M1/27M	IETHLAVVAQKLQALKEAISGLNEYSVFGSWPHANSRVSRLVSQLTGRMVKLRSELKYDYDEVCDAEDMHARYGDIYSKPVPSPEVSSEVLTPPED	9\-8SI5\-TS2LG3\-TAHN12LRGM15YD3/-10TPLV10ST4
EMALE07_E4-10_c001	EMALE07_E4-10_c001_0001	98.0	51	1	0	155	2	1	51	2.2e-24	106.7	19596	32M1\19M	MLTEQFPYIFAVEHIGTCNKKGTYAKIKHLNVRVAINRGVKKPYCIWFFDAP	LM31\-19
EMALE07_E4-10_c001	EMALE07_E4-10_c001_0003	91.4	70	5	1	18583	18789	3	72	3.1e-23	102.8	19596	12M1/5M1D1\52M	HIMVQYENRRVVGERWMRWGTRTSNIFLETRGVLTPTLCAGYLCFLVHXXXXXXXXIFMYTCYISNNNEKVV	YH2SV8/-RE2LM1-W\-VT51
EMALE07_E4-10_c001	EMALE07_E4-10_c001_0021	78.0	59	13	0	15513	15690	1	59	2.0e-17	83.6	19596	52M1\7M	MDAETEAAVKRIERLREYQXXXXXXXXXXXXXRERCLACQRRSAAKRRAREKWGENPDTV	19RXEXIXQXKXRXCXKXTXNXPXRXTX20\-7
EMALE08_BVI_c005	EMALE08_BVI_c005_0008	86.2	1011	118	21	9867	12850	1	1002	0.0e+00	1420.6	13043	38M1/9M1/21M1I7M1D1M1/22M1/8M1/14M1D42M1\30M1\12M1\13M1/10M1/1M1/19M1D1\5M1D6M1\21M1\7M1D21M1/1M1I74M1I1/13M1\17M1D20M1I1/12M1/17M1/41M1I1/69M1\22M1\8M2I8M1\1M1D15M1/15M1D1\7M1D1M1/4M1/3M1I9M1/9M1/38M1D41M1/124M1D1\14M1D4M1/22M1D1\48M1I1M1/13M1/11M	MNTPNTKTKKRAPYLIQTKAYRDMLAVVDRDDARIGIALFDRKVKKSGTNVVKGFRAESVSDVFSFLERGEDKSLYEVVLPAKNIRPFFDIDFVAEDDSDRDRAVRVTAVEEGCKHILSLMYPKGVGELKVFDGSRATDDGFKHSLHIIAPRVVHPSASTLLSLLHRWIQKKTPVVFNGTPLIDNAIYTQRRCFRMMGQSKKLGQGTPLVGEY*DDISDTLVGAYGNEREGMTRPTDWCVSIPPPDEPYRPEHHLPDTTGHPEELVWLLNQMPSGDIPRNYWVVILNVIANLDAPFHDIADTWSKNGKKRYKGRDDVEKFWNDLCFHPNYTIKSLQAYVSQYNPSYIAWRTDKAPWADFEFDMTDHAVEIQTGKYIAEIPNDHGLYLLCAQEGAGKTTQIVKSFLQRPENTGLKVIDMLVPRITLADGMTGVFLRTGLRFTSYLDTKKANVCAQRRSIFSFESLHRYSVGRRPDIVIVDESETFCR*SLTGVMMDAKGHGSKNIETLRGLFTPSTMTIGGDSNLSGRSLIGVLESLTDTKAHIVVHQPPRKRRVIRTYPKNLKGMMAVMNKNIENGKKAFFMSLSRTAIERYLGGRDDHIMFFHRDMNEKKRKEMLLDPDAFSWPKFNVVATTPTITVPGIDMSKPAFDACYLYTCPPGSCTPMDAIQGFRRVKRNPTGECDHGWAYIVGYGKGRYIPVKEPRLIQERARLTDELVKRGVADPTPEFIRIAHAWNEAEAEISKFANGAWTAHLLRKRGYDIVEETMATEKATPLYSASKVEYGDVYTLSEAE*GEELLTIASGRNRDVPADAITRDLSIELNKYRLRKLFNVSDGDDFPKEEAKALWSATNRGSNLTALYLARALTFSSFKQAPQRKVLDIKYGYKREQFELMEPVAQAVMLRYERGVPIDETFEKAINMKYIKANATKFKDMFRISPGGSKEPMKTITALLGKTTFFTLENKKQVRVKGKRERKYFLKPRFPYGYASLQVAHNIKTGVGILTADPKEEEHRSKWLVEREAMHAMWAREEEEDATEES	18*K16EG2/-1AD1NKDV4/-2SVSKDG7VDLV1LSTFCLNEGR1S-7-V1/-16RD*DRS2ED/-8/-1MC2AI9-G*ETL1GV7GD30\-26LM2AS\-12\-13/-9GW/-1/-VI7PR7AT2-H\-QE1CLCV1-L1DN4\-2SPSRHN14QPVF\-TD1PA4-K13RK7/-1S-6ALPQSA61PQ3*-/-IF12\-17-RDTWG18S-/-10DY1/-CG4TI11/-LSALCT32KN5P-/-16YH33SFTFCMCSQLVSERST11\-1YMVFLFSH10CMFL1TD1ND1\-FS7H-I-YA6PV\-PG-ISD14/-1DG13-V\-5DEWC-D1/-4/-RGNY1W-9/-TRML1SQKEKRTA2/-HD13SF18IN4-ADH38PA1/-VGKE36SV1AD4HP7RW7CNFL3FYWLRAERPAIL46VE5-I\-7EA5VM-FPR1PS1/-1VS3IM16-N\-40DA7R-1/-12CW/-11
EMALE08_BVI_c005	EMALE08_BVI_c005_0002	75.5	1304	270	24	6700	2888	4	1290	0.0e+00	1251.5	13043	5M4D11M1/53M1D1M1\32M1/10M2D18M3D103M1/62M2I21M1D13M1/20M1\14M1\10M1\8M1\11M1\13M4D21M1D9M1\19M1\26M12I3M1I1M1/7M1/15M1\5M2D1M1/11M1D1M1/33M1/1M1/11M1\8M1/4M1/28M1/2M1/7M1/7M1/14M1/15M1\2M1\8M2D1/18M1D8M1D16M1/12M1\6M1/18M1/25M1/9M2D39M1\6M1/29M1/15M1/12M1D59M1\22M1\22M2D22M1\9M1D1\7M1/1M1D9M1\6M1D5M1\19M1\2M1\16M1\1M1\10M1/62M1/14M1D1/21M1I24M1\21M1I9M1\17M	AFNSGSRARGTMLANRVDVDDRLVNVADTAIMQFKTREGGAFQLATKDREFVVSVAGSDTDIMTFHKDGSVHITGGALDVSTTVVAETLHSTTAKVTGALEAGXXXXXSKAKVTGTLDVEGXXXXXXXXXXXXXEAESARXXXXXXXXXXXXXXXXXXXXXXXTGXXXXXXXLETGSXXXXXXXXXXXXXXXXXXXXXXXXXXXXXXXSARVTGALDVEGALEAESAKVMXXXXXXXXXXXXXXXXQXXXXXXXXXXXXXXXXXXXXXXXXXXXXXXXXXXXXXXXXXXXXXXXXXXKSLSITEHHMGNSAVFTDGVQAETLEVKRDAVICGDILILGKDDESGSIEDPEATLHVNGDVKATSAECFTGDLHVSNKLTVGISPGDDTIHEI*YGRVGIDNRSEIKDLTVTGTRASIAGSIAVSADAVTIGAESSPRMTTHHGGVSIPEGDLVVGKKASGGDRVIIQKGDLVLRDNGDNSPGEGRGTERRIIFNNDAEGYIKNPGIPESADTCRQIAMKGEMDGASNLLGNIIFRTQGDGAYTSSSVRLRETMRIKGARVEGIQTDDPQHTLDVGGDLKATTALFTGTMTTHDDYLQTILKKLTVGTQGESDSESHECMFGS*LKLTKSDQCSLALCGGGGDGDSFQPASMPLTCMCTGSTETYMGDGFTIDFRIAVMGKLPDARLFAFPDVTYPEGQQPILCFKNVGAKDTTGSEKNEYTMFQFDHLEDKTPSTDQDPGYYTSFLRPVTMTKPLTTTNSLVTIGGGLFGTSANMFGDSVMTVGGLSVVSDSGEVFKVDGXXXXXXXXXXXXXXLEVGGQLDAGSPAVIDGLLQTXXXXXXXXXXXXXLGAGTMTTDSLTVFSATPGVNRLEITDAIFTMFNGMNVLFNNDIKCSSAIVTGTLDVGTISPDILSKAGSGSFTESLIASQAGIVVTGSPCDTQSLIVSDTASIAGCMVVSGDGVRVGTEAGPTATTHHGNFTIPEGDLVIGKEIDVLNEDGVTDTHKETSGGNVIIQEGDLILNTR*EQSEERRDERRIAFNAYDFGVEIPSETTPFPSTCEIAMVAGDTGVQWGNIIFRAQDGDIYAPGTSWLRETMRVKGGRCVGIQTDNPEATLIHVNGSVKADTAEFSNGISVDTGFTGLFSVGVRASEGAFEPHYTVYANTGSFHMDVSATSGTFRGASNTEATSVVVNPDSSSDGRLGIRTSDPGYPLDIRGNMRCSGTGYFTHVSEGGSDLNLKKDIHDICMRGTNLIERLRPTQYRLKSGTSNRIHYGFIAQEVEKTFADLGDIDGKGGNGIVDFETREDGTCQYSLRYSELIAPIVKDTCQQLLERVAFLEANIG	5-S-R-A-R1RT9/-10CMSQSFIK1SR10EDQRREVFCVLV6NT2IM3SK7-G1\-16VA9SXLXSXSXIXCS/-QARK4RLED1DE-G-X*XDXGXIXCXEXEXVXTXGXAXLX6-X-X-XVXTXGXAXLXDX*XGXHXSXRX9XTXG7XLXEXTXGXS29LXLXTSRAVRLVQTAGSA14TMMXGXAXLXEXTXGXSXEXRXSXRXAXLXYXRX/-10DXVXEXGXAXLXEXAXEXCXKXGX26TXVX10VG1Y-R-GSSALVHFET*DSG1EQ7IR3FI-C8ND3SG/-4KE15\-VF4RH8\-10\-SY7\-GS9ST\-1*S4SIGA1RS*A*DEA-V-T-I-GGARENSQSVPSRGM10DE3-V9\-19\-RG9KNMNTD12RSY-Q-F-S-W-A-R-R-R-S-G-Y-3C-1/-6AE/-3*S10HQ\-5-S-STS/-11-R1/-1SIEQ8ID12ITPGETQM5/-1/-2SL6STHQ\-8/-4/-VL2DTQK7IL9VF3CS1/-AL1/-6NE/-7/-6SMWG6/-IF1VF12\-2\-KN2SAQK3-G-S/-RKRNTE15-T7IT-SVF1AR1RV*T10/-11VA\-6/-NT1DG7AS2LV4/-RXYXLXCXKXIXQXYXKXLXTXTXGXSX7ND3/-SALV3YLKL1VT-X-XVXLXGXRXMXQX*XLXAXVXGX9AS8LGLVIN2*E2YD1\-6/-14LVAT13/-1QA1RS6IL3RQ/-6WSTP4-S1YISVIS53MV1\-11LI10\-4*E7SAIFYN2VD1*GDVRE-I-P14LV5MV1\-9-G\-7/-1-R5EK3\-2RI1RT1-N5\-YH18\-2\-ST1RL1RSLVEGMV8\-1\-10/-YD52ST8/-1PS5RKGDYISHSD2-M/-SGAT18KNF-1VI6RQSE*VKENKITSF5SI3\-4GV16R-8NK\-17
EMALE08_BVI_c005	EMALE08_BVI_c005_0007	90.9	143	13	0	9379	9802	3	145	3.6e-60	224.9	13043	10M1/49M1/14M1/11M1/4M1/55M	MEAKARAYDE*MMEKKREARRAYAERLGVEERRRRSREYAQRRRARLLADPEKLKEHRARSVKEAVERYNATKKDDRQREARDRFRENKLGDREXXXXXXXEYERRRKERLLADPEKMEKHRARAREASRRYKAKKAMEGTKTPEAED	9GE/-48AR/-13ED/-11/-EK3/-QEEXRXKXRXRXSXRX39IT7
EMALE08_BVI_c005	EMALE08_BVI_c005_0006	91.4	128	10	1	9308	8928	1	128	3.0e-54	205.3	13043	24M1/16M1/20M1\34M1D15M1\5M1\4M1/9M	MILEDLVNASFDPTKTQKYVRWYTTNACHRSRLYKWSIEKYAFKRCEIFTGALKPGQKFGMLSRGMIIIALQRGQDIDEAFDFINELEEETENFGKTPEQIRWDAHRELVLFRKNATGRWGWITMDASASVEFE	24/-HN11MISENKRY/-SF6RT10IM1\-34-P15\-SN3QR\-4/-9
